Palm Normal x,Palm Normal y,Palm Normal z,Palm Direction x,Palm Direction y,Palm Direction z,Palm Center x,Palm Center y,Palm Center z,Palm Velocity x,Palm Velocity y,Palm Velocity z,Thumb Deviation 1,Thumb Deviation 2,Thumb Deviation 3,Thumb Joint Angle 1,Thumb Joint Angle 2,Index Deviation 1,Index Deviation 2,Index Deviation 3,Index Joint Angle 1,Index Joint Angle 2,Middle Deviation 1,Middle Deviation 2,Middle Deviation 3,Middle Joint Angle 1,Middle Joint Angle 2,Ring Deviation 1,Ring Deviation 2,Ring Deviation 3,Ring Joint Angle 1,Ring Joint Angle 2,Pinky Deviation 1,Pinky Deviation 2,Pinky Deviation 3,Pinky Joint Angle 1,Pinky Joint Angle 2,Time Stamp
54.993919372558594,331.78472900390625,26.32370948791504,0.4837150573730469,0.24213388562202454,-0.8410653471946716,0.2952069938182831,-0.949793815612793,-0.10365569591522217,-14.524484634399414,34.99632263183594,-6.611627101898193,0.6526977284327503,0.781651981038396,0.9860706288491227,0.7168419539973339,0.7234390184008775,0.9949495108291214,0.54753365406561,0.7544650750808101,0.999530421671047,0.6958167416441927,0.9965323715483844,0.5519425755090082,0.750372034097051,0.9988332186470569,0.6893106869994935,0.9968095986600662,0.5920518587886948,0.7821401105664759,0.9998516390442334,0.7235606316341846,0.999911125912693,0.6861126009814859,0.783780420540015,0.990688989654741,0.7381128468229821,706623265278
54.869903564453125,331.97711181640625,26.206161499023438,0.4839632213115692,0.24266530573368073,-0.8407694101333618,0.2932613790035248,-0.9501997828483582,-0.10544247925281525,-14.347151756286621,22.257827758789062,-13.598797798156738,0.652712349391487,0.7808781703887735,0.9855439733674494,0.7160674828506577,0.7228162177657663,0.9950480080096262,0.5473706255750305,0.7547849420120806,0.999545427838402,0.6967564363518339,0.9965000690925259,0.5517317100901586,0.7506190806790048,0.9989326730780203,0.6902861585383103,0.9967493886944645,0.5919422762406843,0.7822313869705227,0.9998066588254124,0.7244085789205505,0.999896588500127,0.6857933879082554,0.7835781936082151,0.9903520453836457,0.7387835912760448,706623273922
54.75070571899414,332.0665283203125,26.115432739257812,0.4842990040779114,0.24165789783000946,-0.8408661484718323,0.2885672450065613,-0.9514356851577759,-0.10723362118005753,-13.727681159973145,10.296445846557617,-10.448843002319336,0.6527397879204421,0.7797397618295624,0.9849861361512043,0.7154060213129662,0.7226196697247882,0.9949280188065461,0.5474781693158425,0.7549650003282231,0.9995521982946517,0.6965032289694504,0.9963826959002998,0.5517656431380868,0.7509850975801959,0.9989778660419423,0.6904595053447303,0.9966274578993061,0.5920703481183301,0.7827273211521262,0.9997985340822128,0.7243729252453344,0.9998822364213251,0.6851520676474218,0.7836885802596987,0.9903582617672242,0.738996303960457,706623282605
54.60142135620117,332.15997314453125,26.069923400878906,0.4844149947166443,0.2409755140542984,-0.840995192527771,0.28432077169418335,-0.9524950981140137,-0.10915490984916687,-17.280208587646484,10.816622734069824,-5.2680768966674805,0.6527005824253804,0.7785318908560893,0.9846081732552886,0.7153696178229982,0.7230200214067252,0.9950721466386584,0.5475524488370141,0.7543260498021902,0.9994860468793637,0.6956096333656455,0.9964511691053293,0.551745827704966,0.7511479836030636,0.9988769504023667,0.6901303737680746,0.996667663268614,0.5915442661684707,0.7826135274780027,0.9998458394871041,0.7237699266841683,0.9998958350237332,0.6833455750090547,0.7828705263804164,0.9906629743769606,0.7391064035124997,706623291244
54.476810455322266,332.1628112792969,25.98790168762207,0.48415789008140564,0.2373679131269455,-0.842168390750885,0.27934712171554565,-0.9540618658065796,-0.10831036418676376,-14.399391174316406,0.32988935708999634,-9.477889060974121,0.6523643411116886,0.7774180724311321,0.9841786458126246,0.7149356928676811,0.7229630242146953,0.9951541037373925,0.5477253206984749,0.7545041032545441,0.9994063202047081,0.6951045326440412,0.9964645282854017,0.5519391323008931,0.75192559902265,0.998757137014804,0.6899137833719435,0.99664710970577,0.5917416723545493,0.7827651958922008,0.9998849486490158,0.7227109503078615,0.9998981994929583,0.6826176113869113,0.7827855611094582,0.9909038294173103,0.7389066894584478,706623299898
54.37923812866211,332.1371765136719,25.91472053527832,0.48398253321647644,0.23387621343135834,-0.8432454466819763,0.27307751774787903,-0.9558675289154053,-0.10837879776954651,-11.179337501525879,-2.93672251701355,-8.384481430053711,0.6519016652085806,0.7756938008199936,0.9836928632070508,0.7150226682065552,0.7234392660582191,0.9950824955638448,0.5481016999283618,0.7549620824751284,0.9993126526977335,0.6940964449405085,0.9963790881489043,0.5523939511817705,0.7537212539259105,0.9985479706667831,0.6895164430212283,0.9965610595736055,0.591952028035214,0.7841924381205555,0.9999497956661811,0.7215634314665021,0.9999046255798849,0.6811094540131328,0.7834371665294658,0.9915887050610962,0.739034050859087,706623308626
54.244876861572266,331.9991455078125,25.87103843688965,0.48380887508392334,0.23085848987102509,-0.8441761136054993,0.26786547899246216,-0.9573510885238647,-0.10829129815101624,-15.612295150756836,-16.038780212402344,-5.075843334197998,0.6514599052188917,0.7741074758734137,0.9833529773683448,0.7144460678505159,0.724216905147571,0.9949198422915246,0.5485989910047642,0.7555954168645521,0.9992106337880894,0.6928493490693923,0.9962070841582731,0.5530533599329822,0.7552655814590453,0.9983316944520496,0.688477853728062,0.9963862766614388,0.5927162048957731,0.7856075999641183,0.9999835860507009,0.7199619419432222,0.9998949682458458,0.6805904291557294,0.7846970258902332,0.9921061228327531,0.7388947717667003,706623317232
54.1374397277832,331.92626953125,25.84568977355957,0.4838128983974457,0.22705760598182678,-0.8452040553092957,0.2602052390575409,-0.9594050049781799,-0.10878977924585342,-12.246512413024902,-8.309447288513184,-2.889360189437866,0.6510350309783739,0.7723791010921132,0.9826823490507393,0.7134212971009843,0.7242625838973932,0.995112287324146,0.5487118854183083,0.754401742092013,0.9990914900284089,0.6913280460405202,0.9963038265743189,0.553324170070297,0.7556457920818886,0.9980531518155249,0.687431705294649,0.9964085977150426,0.5928106255857754,0.7856607450503142,1.0000000230068087,0.7179583496194708,0.999913601170637,0.6790289454503713,0.7844759046906559,0.9926625321597644,0.7386716875761513,706623326005
54.11256408691406,331.9979553222656,25.825347900390625,0.48361843824386597,0.22296223044395447,-0.8464047908782959,0.2535102069377899,-0.9612439870834351,-0.10836292803287506,-2.908045768737793,8.38090991973877,-2.378065586090088,0.6507031969836599,0.7711867777658055,0.9819454743215748,0.7128171854850937,0.7235173286156936,0.9953697096570666,0.5485880507920017,0.7522640394619999,0.9990265514116681,0.6898272530545206,0.996486209192701,0.5532691886374249,0.7551930759399734,0.9978529442009569,0.6867002267287313,0.9965250207608385,0.5925167884818449,0.7846490131967618,0.9999959028601736,0.7163018939961482,0.9999396445842622,0.6774696014808868,0.783357039750188,0.9930961064091015,0.7380697477658481,706623334559
53.99217224121094,332.1103820800781,25.794445037841797,0.48212480545043945,0.21860601007938385,-0.8483908772468567,0.2473926842212677,-0.962929904460907,-0.10753075033426285,-13.852377891540527,12.936147689819336,-3.55572509765625,0.6503212441034738,0.7700373050358283,0.9808993093952789,0.7123757540770507,0.7218577501597531,0.9956844664462873,0.5481650733244761,0.7492767274132637,0.9990474243583057,0.6886662755748794,0.9967210208957624,0.5528270697808971,0.753960032854575,0.9978316352604738,0.6867042070395538,0.9966650535745072,0.5920928980907887,0.7828020539759616,0.9999944930370208,0.7151343785412589,0.9999615492938015,0.6760228688402509,0.7815268351412753,0.993259540354829,0.7374938223425429,706623343250
53.87168502807617,332.19281005859375,25.722143173217773,0.4809587299823761,0.2166459709405899,-0.849554717540741,0.24304203689098358,-0.963959276676178,-0.10822694003582001,-13.841180801391602,9.467949867248535,-8.305826187133789,0.650095847416363,0.7687529028496608,0.9800636546995416,0.711739588851366,0.721136673756512,0.9957716351727516,0.547905115518729,0.7471354367825368,0.9991121035826147,0.6877110731458292,0.9967860530472258,0.5525308807294118,0.7532287433220014,0.9978751764388794,0.6867140091612219,0.9966915369105389,0.5917411956694654,0.7817660418815066,0.9999954753749865,0.7145057076710015,0.9999706215657947,0.6749892257764002,0.7805859081872636,0.993394063244139,0.7372303978153115,706623351955
53.79179763793945,332.3642272949219,25.71077537536621,0.480081170797348,0.21575772762298584,-0.8502768278121948,0.23856419324874878,-0.9648612141609192,-0.1101360097527504,-9.222902297973633,19.790708541870117,-1.3124622106552124,0.6497336160797261,0.7675863358423296,0.9793659484432541,0.7114152262482004,0.7205547466054197,0.9957813674143423,0.5478695783625369,0.7447595405536547,0.9991298452279949,0.6857196444249971,0.9967990141207277,0.55240782379686,0.7527102121147409,0.9978604046849846,0.6862806828915733,0.9966746828157232,0.5914672912800659,0.7812467297259073,0.9999933813255377,0.7137841154229221,0.9999771772578969,0.6737725578907783,0.7800726411738212,0.993683625953527,0.7369554852173159,706623360617
53.70478439331055,332.6265563964844,25.791955947875977,0.48034027218818665,0.21454735100269318,-0.8504367470741272,0.2278354912996292,-0.9668570160865784,-0.11523261666297913,-10.077765464782715,30.384477615356445,9.402599334716797,0.648520401596408,0.7651106693256717,0.9781692168402673,0.7108207373596593,0.7198219239524073,0.9966286965249194,0.5487558743032888,0.7394847973770016,0.9984417664932085,0.6788142653063454,0.9974252174159223,0.5518573703621081,0.7507757020869265,0.9972396129642338,0.684586270408578,0.9971455894297636,0.5883530362239909,0.7788417749426021,0.999982647259253,0.7148492790208895,0.9999999998651834,0.668324319258391,0.7752216303460137,0.9940924517159496,0.7378318109444614,706623369251
53.647003173828125,332.8034973144531,25.802001953125,0.479919970035553,0.2173691838979721,-0.8499573469161987,0.23066774010658264,-0.9659968614578247,-0.11680102348327637,-6.665979385375977,20.412702560424805,1.1588994264602661,0.648183509361425,0.7648972843299765,0.977934151278045,0.7109393808213776,0.7192530424213653,0.9965143685276232,0.5487130298493345,0.738813340342536,0.9985363821121185,0.6783413366345192,0.9973171267564851,0.5517396701024633,0.750596775151962,0.9974170717499481,0.6848167144201049,0.9970359981011248,0.5882818221098217,0.7789962675291813,0.9999932743795009,0.7153368656685509,0.9999996743648044,0.668374682543624,0.7756545449127376,0.9940152929350707,0.7380795737590883,706623377919
53.63690185546875,333.00738525390625,25.802379608154297,0.47982168197631836,0.221828892827034,-0.8488598465919495,0.23479010164737701,-0.9646873474121094,-0.11938147246837616,-1.1666992902755737,23.55055809020996,0.043625641614198685,0.6483195671098794,0.7648104661793511,0.9779385108785866,0.7106712719882765,0.7194884066533657,0.9960894650404066,0.5487920688295513,0.7390628832105339,0.998725261400028,0.6780546593859064,0.9970220974830794,0.5518841229024161,0.7507030114982076,0.9976568568917856,0.6846494268851111,0.9967931367502306,0.5888557726336471,0.7796522492427918,0.9999991957338193,0.7152995889036555,0.9999942377369411,0.6694179331199595,0.7770935991788988,0.9939644834137725,0.7377676846184923,706623386577
53.668983459472656,333.2973937988281,25.850793838500977,0.47986629605293274,0.2273835837841034,-0.8473635911941528,0.23995459079742432,-0.9630201458930969,-0.12253165245056152,3.6660265922546387,33.13777542114258,5.532308578491211,0.6486215346181774,0.7652985574403552,0.9782063849294343,0.7106726970197482,0.719754228477961,0.9958110090000136,0.5487562730953504,0.7390212488289827,0.9988837374680041,0.6780851416108854,0.9968140445562674,0.5518846793495289,0.7504072980988173,0.9978668870329697,0.6845447573255744,0.9966181657336055,0.5891252795471046,0.7798547819040198,0.9999992160479003,0.7154332102934277,0.9999853000114897,0.6702768782251077,0.7778977111471082,0.9938675140932023,0.7372517517922565,706623395328
53.73876190185547,333.55413818359375,25.8818302154541,0.4800300896167755,0.23129495978355408,-0.8462114334106445,0.24457794427871704,-0.9616543054580688,-0.12410730868577957,8.139985084533691,29.950925827026367,3.620845079421997,0.6488055775582645,0.7658941146071206,0.9784971749444114,0.710413479472146,0.7198736745867389,0.9954930972016611,0.5488389005568913,0.7396232098819996,0.9989860472433185,0.6781690703843046,0.9965702116330706,0.5520125821134404,0.7503930928008731,0.998054838382415,0.6844339131283376,0.9964294666192218,0.589682873556287,0.7803020342347554,0.999992879169108,0.7156295112322043,0.9999688534823907,0.6716461988286535,0.779086894557794,0.9937084328932669,0.7368339776693938,706623403900
53.79364013671875,333.8214416503906,25.89695930480957,0.47981059551239014,0.23355834186077118,-0.8457140922546387,0.24881649017333984,-0.9605657458305359,-0.12411210685968399,6.295220851898193,30.66206169128418,1.7353183031082153,0.6491224275361447,0.7666417827039429,0.978632109907155,0.7102347845348859,0.7194868533733739,0.9952928225929778,0.5487615192993782,0.7402226720990959,0.9990839716455946,0.6788095488181471,0.9964235377036827,0.552076489692295,0.7501662517453755,0.9982069125716412,0.6844418508202109,0.996311684296559,0.5903515382943644,0.7804720237313479,0.9999818720326238,0.7156831282102631,0.9999519754964374,0.6733070015115544,0.7800353314441822,0.9935280422739685,0.7361966360716111,706623412618
53.83367919921875,334.0749206542969,25.911151885986328,0.4789934456348419,0.2345871776342392,-0.8458924889564514,0.2530159056186676,-0.9596296548843384,-0.12285704910755157,4.616281509399414,29.225614547729492,1.6364549398422241,0.6494580457351903,0.7675554094732651,0.9787234486314826,0.70997465020268,0.718790974892169,0.9951942080325016,0.5485933730664497,0.7407215081002672,0.9991726380372565,0.6797505328665191,0.9963492028783473,0.5520657749235298,0.7499015674798188,0.9983251617796923,0.684600323210759,0.996233213539459,0.5909299943182119,0.7804810155343572,0.9999683585761485,0.71570101895783,0.9999344751316847,0.6748885151678873,0.7808331519156917,0.9932918332749718,0.7358009280181417,706623421291
53.83547592163086,334.2467956542969,25.924283981323242,0.4784815013408661,0.23200660943984985,-0.8468933701515198,0.24824973940849304,-0.9608591794967651,-0.12297035753726959,0.20721034705638885,19.83005142211914,1.5148919820785522,0.6487601226314772,0.7669049499330076,0.9777890692901496,0.7091538073164009,0.716785325705563,0.9958461960840118,0.5496429062064032,0.7376568265187,0.9985915449725329,0.6744478337584787,0.9968915987280459,0.5518750155296621,0.7479669257081462,0.9977852539050825,0.6822039516068037,0.9966815502389803,0.5886406168661261,0.7781734241000116,0.9999829701840823,0.7161286558173933,0.9999811083767111,0.671477567922448,0.7769276798448218,0.9934385044226263,0.7361763717214085,706623429959
53.87221908569336,334.4462890625,25.930673599243164,0.4779350459575653,0.23519642651081085,-0.8463218808174133,0.25327304005622864,-0.9594650268554688,-0.12361098825931549,4.1926727294921875,22.762685775756836,0.7291038632392883,0.6491584632837457,0.767591812601629,0.9781238287251773,0.708923355252247,0.7170331258182087,0.9956135272316178,0.5495534534105083,0.7384316464428582,0.9987332427908493,0.675278468570127,0.9967296115068937,0.5518879227094468,0.7476272535567376,0.9979623990137346,0.6821215266450015,0.9965796923688839,0.5890203364558786,0.7782094965408832,0.9999719980678824,0.7160586640697465,0.9999698464724648,0.6726752815705218,0.7774988891887827,0.993283736844635,0.7354758888505353,706623438723
53.92197036743164,334.6207275390625,25.921672821044922,0.4771195352077484,0.2365221232175827,-0.8464125394821167,0.2573772966861725,-0.958482027053833,-0.12275628745555878,5.752302169799805,20.16729164123535,-1.04055917263031,0.6494426462245677,0.7684521081192687,0.9782325802086406,0.709021294821326,0.7163960886502345,0.9953908163777067,0.5493001065260568,0.7390154262315963,0.9988988767128149,0.6763175065490201,0.996583137087335,0.5518857746922848,0.7474726076659207,0.9981622074422637,0.6824733081652706,0.9964657934339752,0.5897455004528152,0.7783280935331477,0.9999543183239967,0.7159627226859627,0.9999544575668021,0.6742896889842666,0.778299525054826,0.9930993394724464,0.7347238795051688,706623447372
53.935665130615234,334.69281005859375,25.927064895629883,0.47616079449653625,0.23595236241817474,-0.8471112251281738,0.2602946162223816,-0.9579777121543884,-0.12052138149738312,1.5887080430984497,8.364126205444336,0.6253562569618225,0.6499516827085352,0.7694124130002403,0.9782772553403526,0.7090530142227772,0.7156195748182332,0.9952046069634006,0.5490263989667017,0.7393872945353894,0.9990428126583725,0.6772470515708842,0.9964934321735751,0.5519092099572399,0.7474089937444881,0.9983100117581698,0.6828948041591621,0.9963826167502569,0.590601105837509,0.7786020698444142,0.9999399369064202,0.7158430186757938,0.9999413191200031,0.675887728274867,0.7791285537250422,0.9929732681191245,0.7340521337555737,706623455992
53.9488525390625,334.77001953125,25.903263092041016,0.4754856824874878,0.23477160930633545,-0.8478181958198547,0.26217493414878845,-0.9577568769454956,-0.11817827820777893,1.5258991718292236,8.934626579284668,-2.7544028759002686,0.6503063170442733,0.7705802532866107,0.9784499710173366,0.7094882831067396,0.7147765001913693,0.9950648321632632,0.5487954470476523,0.7394468303612274,0.9991579530195369,0.6778826523654399,0.9964579778840957,0.5518803430360558,0.7472024158761942,0.9984160614410632,0.6832223667223358,0.9963459955960428,0.5911702436115046,0.7785338648071779,0.9999289549590132,0.7156011434234268,0.9999348801811997,0.6770281304332505,0.7794758314045901,0.9929133308577385,0.7332861732226805,706623464633
53.95792007446289,334.80926513671875,25.892568588256836,0.4744592607021332,0.23247632384300232,-0.8490248322486877,0.2632818818092346,-0.9578235745429993,-0.11513769626617432,1.043418049812317,4.51585054397583,-1.2302768230438232,0.6506465459151823,0.7715377975974783,0.9784550499294189,0.7096416352574745,0.7137817787788079,0.9950264051810422,0.54854130888383,0.73923770457194,0.9992406399008269,0.6784230810120828,0.9964820801554187,0.5518542994214002,0.7470585236844964,0.9984736859904048,0.6835708283021644,0.9963568995674958,0.5916641603889323,0.77828155749069,0.9999252660379813,0.7151782342219677,0.9999342291001276,0.6779731423294588,0.7796601307323459,0.9929037024169305,0.7325744573898747,706623473326
53.931922912597656,334.7515563964844,25.870704650878906,0.4737796187400818,0.22886230051517487,-0.8503851890563965,0.2628285884857178,-0.958378791809082,-0.11149530112743378,-2.994715690612793,-6.650230884552002,-2.518219232559204,0.6508863635712278,0.772224267808094,0.9784599459006372,0.7096760609174411,0.713067720956647,0.9948992661883779,0.5483728781754363,0.739196839094087,0.9993258777338108,0.6788255287757594,0.9964678753875722,0.5518483858343802,0.7470413141640297,0.9985413251650761,0.6839348021170036,0.9963516667469581,0.5921785281659787,0.7780497489620233,0.9999221587051936,0.7146606143513441,0.9999358690180954,0.6786644571942797,0.7797453135179552,0.9929442986513667,0.7318918037648782,706623482008
53.86333084106445,334.5745849609375,25.8447265625,0.4738849699497223,0.22340793907642365,-0.8517757654190063,0.2549348771572113,-0.9606656432151794,-0.11013522744178772,-7.896608829498291,-20.371456146240234,-2.990856170654297,0.6498551556985082,0.77155645614238,0.9777816179300005,0.7099240188038909,0.7114940131202592,0.9954656878322065,0.5494772248233828,0.7365033203967292,0.9987766923726712,0.6733335481582693,0.996989035991805,0.5517878191194956,0.745914674063319,0.9979409601549014,0.6816330421410348,0.996809540091335,0.5900050587384646,0.7760965245462602,0.9999645265620158,0.7147347382230191,0.9999875717318397,0.6746995799137964,0.7756269305067008,0.9933292435395742,0.7321745736352283,706623490694
53.83640670776367,334.4571838378906,25.79976463317871,0.4734560549259186,0.22187863290309906,-0.8524137735366821,0.25526413321495056,-0.9607861638069153,-0.10830604285001755,-3.086609363555908,-13.46096420288086,-5.154372215270996,0.6500290862255415,0.7719025562911404,0.9777986384988553,0.7102725761968556,0.7111963592920956,0.995333409540863,0.5494835378332159,0.7367739372483839,0.9988111760447593,0.6733432854613055,0.996957678408181,0.5518957154289362,0.7462951996899735,0.9979311806235708,0.6817265834516746,0.9968156997715297,0.5902128730859298,0.7761129504655417,0.9999738003053877,0.7141689503765831,0.9999898000474584,0.674610758381501,0.7755007143419733,0.9935166733434289,0.7315098892279609,706623499417
53.797576904296875,334.3511047363281,25.750030517578125,0.4729366600513458,0.2208578735589981,-0.8529670238494873,0.25561729073524475,-0.9608321785926819,-0.10705756396055222,-4.511247158050537,-12.322823524475098,-5.77833366394043,0.6504649762168622,0.7722521481185485,0.9779433101841494,0.7103373852286768,0.7114150362828843,0.9952170892022439,0.5492687104531331,0.7373850222077191,0.998922337224931,0.6744092151355753,0.9969223190510873,0.5518660837406514,0.7467204789529338,0.9980155800234322,0.6824420985975901,0.996810997729165,0.5905364419929247,0.7758794325636389,0.9999732282345766,0.7137136252932993,0.9999898302711276,0.6750694110683249,0.7754250233223628,0.993541861234568,0.7308207178443218,706623508024
53.74897384643555,334.1506652832031,25.718093872070312,0.4723746180534363,0.22016361355781555,-0.8534578084945679,0.2581692636013031,-0.9603924751281738,-0.10485682636499405,-5.610732555389404,-23.13744354248047,-3.686596393585205,0.6507736117063747,0.7728777380922317,0.9781407448148844,0.7108377609522105,0.7112986062225205,0.9951081676422071,0.5490390409541628,0.7382249990151234,0.9990297470886667,0.6757398182874067,0.9968567540961222,0.5519535321019953,0.747282669893787,0.9980979207277902,0.6830824518396924,0.9967573067070791,0.5911655586913064,0.7763702390687599,0.9999685714895545,0.7137817292731945,0.9999862648850598,0.6762090581993239,0.7762254516049688,0.9934794881798182,0.7306403919697503,706623516687
53.7284049987793,334.0893859863281,25.688566207885742,0.4723500609397888,0.21958094835281372,-0.8536214828491211,0.2572391629219055,-0.9606515169143677,-0.10476989299058914,-2.361806869506836,-7.036890029907227,-3.3909339904785156,0.6508693671997142,0.7728636260679422,0.9783270739158447,0.7114107891255218,0.7118401020052908,0.9948612222124329,0.548949106597252,0.738470401907389,0.9991468212793274,0.6761058235981382,0.9966917251647153,0.5521348065769318,0.7479800348986373,0.9981687361760776,0.6833044790926867,0.9966442912740737,0.5916555444732199,0.7768393754508187,0.9999741069073774,0.7130768949149345,0.9999837324045951,0.6763190713715256,0.7768578265321624,0.9937457175334881,0.7299511926094385,706623525395
53.679908752441406,333.8819274902344,25.666730880737305,0.47316986322402954,0.2153398096561432,-0.8542476296424866,0.24724239110946655,-0.963155210018158,-0.10584519803524017,-5.641303062438965,-24.131101608276367,-2.5397722721099854,0.6497213937496978,0.7717827920966607,0.9777535232837398,0.7120714995429079,0.7109693669846723,0.995529052350943,0.5498017893988218,0.7353403925508689,0.9986055674600977,0.6711854597886476,0.9971867960004872,0.552054705301009,0.7471355074545613,0.9975402625470546,0.6814267632698741,0.9970407138283924,0.5894496225328645,0.7754273377524947,0.9999947290806088,0.7135635914915147,0.9999999842064239,0.6719535446516216,0.7730893668887397,0.9941599115739128,0.7307727032404068,706623533992
53.6393928527832,333.7583312988281,25.63335609436035,0.4734972417354584,0.21646714210510254,-0.8537812232971191,0.2461770623922348,-0.9632238149642944,-0.10768818110227585,-4.662376403808594,-14.222920417785645,-3.840747117996216,0.649658340690615,0.7717311574825955,0.9781788695781174,0.7129349760664563,0.7120344941607462,0.9953014986988817,0.5497091646102978,0.736581670585269,0.9987344432934779,0.6723999974136387,0.9970100011902934,0.5523179632856354,0.7481684031721016,0.9975902648347753,0.6816646109169072,0.9968868906791225,0.590103852201731,0.7764565822891722,0.9999971979202668,0.7130618679450511,0.9999995525943195,0.6723876887980819,0.7743343578883851,0.9943402403385293,0.7304734781004244,706623542682
53.604339599609375,333.6366271972656,25.60511016845703,0.4740568995475769,0.21766062080860138,-0.8531669974327087,0.24612461030483246,-0.9630955457687378,-0.10894806683063507,-4.008935451507568,-13.920729637145996,-3.2302591800689697,0.6496250518619529,0.7721479774027207,0.9788215765540275,0.7133561537255576,0.7131019030189233,0.9949792914889456,0.5495855942759393,0.7379455715538591,0.9989078644735384,0.6738047152198031,0.9967591682914734,0.5525622825398628,0.7489815888978575,0.9977477737633408,0.6819659830226459,0.9966653033736925,0.5910712408484633,0.7773318463873096,0.9999949995597179,0.7124864603961564,0.9999949180951062,0.6737573617067003,0.7759515188545093,0.9943548704985037,0.7299280172326948,706623551426
53.595218658447266,333.5309143066406,25.565814971923828,0.47446027398109436,0.2189476042985916,-0.8526132702827454,0.24727138876914978,-0.9627251625061035,-0.10962285846471786,-1.0581127405166626,-12.265185356140137,-4.559060573577881,0.649635817467939,0.772612166518695,0.979353205554076,0.7137131361743323,0.7138756174013933,0.9946539692024322,0.5494878827356443,0.7393401866497419,0.9990572411226011,0.6751619540937982,0.9964902473308019,0.5528138842081272,0.7498671142175097,0.997916404822738,0.6823851489247205,0.9964277169898116,0.592023007148072,0.7784609762248108,0.9999905796678691,0.712339698457769,0.9999824428708414,0.6751631977275971,0.777734680989746,0.9942953120336094,0.7297056687143629,706623560045
53.57269287109375,333.39495849609375,25.516237258911133,0.4745025634765625,0.22037048637866974,-0.8522230982780457,0.24876514077186584,-0.9622609615325928,-0.1103164404630661,-2.5771172046661377,-15.552664756774902,-5.6718010902404785,0.6497492267912955,0.7730151892583021,0.9798074882502235,0.7142170297988619,0.7146101914471236,0.9944022432196806,0.5494860544761383,0.7401023817360373,0.9991423717166078,0.6757162441179183,0.996273828117251,0.5531026183835205,0.7505126793995344,0.9979891712069558,0.6823201138591745,0.9962324886853571,0.5927951146845025,0.7796181640366802,0.9999915828228862,0.7120061792521679,0.9999682152003009,0.6760755697406796,0.7794277815973452,0.9943752528893972,0.7296187883434433,706623568786
53.5361213684082,333.2666931152344,25.462148666381836,0.4739416241645813,0.2221653163433075,-0.8520691990852356,0.25192883610725403,-0.96141117811203,-0.11054577678442001,-4.254931449890137,-14.924235343933105,-6.293011665344238,0.649783594173988,0.7734879696226918,0.9801438312725302,0.7148809064845921,0.7148866384171788,0.9942079116470889,0.5494747977147133,0.7411222861488368,0.999209053120869,0.6765837679135537,0.9960995466492145,0.5532907095610341,0.7510205509850995,0.9980758359870516,0.6824621030229208,0.9960822961253863,0.5934623095832702,0.7804698462020974,0.9999897450073656,0.7119349381871776,0.9999522700113562,0.6771812971875286,0.7808318683602595,0.994305134137302,0.7297838506102585,706623577381
53.486328125,333.1475830078125,25.41275405883789,0.47338205575942993,0.22498323023319244,-0.8516407608985901,0.2559899389743805,-0.9602412581443787,-0.11138162016868591,-5.683507442474365,-13.593984603881836,-5.638039588928223,0.6498849283383714,0.773977018237178,0.9806268323469306,0.7153976662965436,0.7156024082582055,0.9940755109432206,0.5494107223725805,0.7421645422091991,0.9992717464273412,0.6776995741873814,0.9959817476195132,0.5533973789187747,0.7513272327865985,0.9981571681561504,0.6826818290023715,0.9959775747336322,0.5940554146521932,0.7809833753431936,0.9999866753234032,0.7118544415183409,0.9999368218989498,0.6784232546781143,0.781964474354956,0.9941724004007366,0.7299130596780072,706623586142
53.47214126586914,333.1265563964844,25.385156631469727,0.4731086194515228,0.2279507964849472,-0.8510033488273621,0.2591305673122406,-0.9592236876487732,-0.11287722736597061,-1.6554558277130127,-2.4541513919830322,-3.220377206802368,0.6498611135960535,0.7740335085535093,0.9808643317455693,0.7156408507070899,0.7161460600123262,0.9938734722072763,0.5494158466849527,0.7430822941411578,0.9993352216964061,0.6784810780093434,0.9958092881663543,0.5535099982165875,0.7515409220341951,0.9982571143849689,0.6827273494559101,0.9958417631839523,0.5945060120691366,0.7814186728245589,0.9999823818860488,0.7117028211046289,0.9999187406634515,0.6791543072450371,0.7828156355470296,0.9940963316515679,0.7298435124405462,706623594712
53.452178955078125,333.06085205078125,25.31468963623047,0.4726985692977905,0.23051078617572784,-0.8505415320396423,0.260678231716156,-0.9585626125335693,-0.11491125077009201,-2.2975170612335205,-7.562963008880615,-8.110735893249512,0.6498490668964402,0.7737275937327459,0.9808948064921895,0.7159761266270483,0.7166042542518583,0.9936890473767634,0.5495174162411478,0.7444211616360612,0.999362287567476,0.6793281307688317,0.9956271752892173,0.5537964957448763,0.7527967563904072,0.9982880238907779,0.6832170217906408,0.995694182538815,0.5951653384023556,0.7826075956724924,0.9999846740709166,0.7117106853747996,0.999899506737956,0.6797206400470417,0.78411121585108,0.9941718278279504,0.7299589179051732,706623603400
53.418495178222656,332.8575439453125,25.268627166748047,0.4722760021686554,0.23122164607048035,-0.8505833148956299,0.2637733519077301,-0.957834005355835,-0.11391960829496384,-3.8621389865875244,-23.308984756469727,-5.281295299530029,0.6498912958019705,0.7740807305722631,0.9809685994102807,0.716328142430431,0.7163673818535892,0.9935160845523103,0.5495709651550417,0.7455933685629199,0.9994003707174849,0.6802095838128818,0.9954976681456805,0.5539522208178037,0.7533425176741221,0.998375253197074,0.6836758735838928,0.995577487647494,0.5958703119817264,0.7834050080931425,0.9999767540674774,0.7120932336697104,0.9998759920496391,0.681074421929647,0.7854093758862414,0.994029780123602,0.7301891899977272,706623612122
53.38805389404297,332.79608154296875,25.190654754638672,0.472094863653183,0.2309618890285492,-0.8507543802261353,0.2669095993041992,-0.9572201371192932,-0.1117534339427948,-3.4691784381866455,-7.005652904510498,-8.88664436340332,0.6498120009804877,0.7749718534094272,0.9812265272059383,0.7165830393343463,0.7158595859617811,0.9935548032927313,0.5494825715780152,0.7453884504348657,0.9994131751330622,0.6803202437832027,0.9955757080139325,0.5538246376189866,0.7522883409686787,0.9983959651932086,0.6831901922918093,0.9956471341610262,0.5957889732750078,0.7823845970775283,0.9999711559280348,0.7116581197518761,0.9998785056083257,0.6817775870823221,0.7849937089271783,0.9938425678202144,0.7297996291821858,706623620896
53.380374908447266,332.73138427734375,25.12747573852539,0.472551554441452,0.23014593124389648,-0.8507219552993774,0.26863548159599304,-0.9569780826568604,-0.10967213660478592,-0.8950052857398987,-7.539981365203857,-7.364468574523926,0.6499807429292004,0.7755142504709344,0.981487802019092,0.7163433205062701,0.7159993271514177,0.9934502530823984,0.5495403580407633,0.7457224386236176,0.9994287982247316,0.6804322361897457,0.9955468357643404,0.5538844233923735,0.7518815615479378,0.9984268355278435,0.6828625997835535,0.9956552212887076,0.5960635668420451,0.7819633204081731,0.999965924086663,0.711320074932084,0.999873473086506,0.6826740384656764,0.7850092614444597,0.9936849306445906,0.7294063021565877,706623629475
53.37961196899414,332.6843566894531,25.09820556640625,0.4728492200374603,0.22852268815040588,-0.8509941101074219,0.2690444588661194,-0.9571068286895752,-0.10752502828836441,-0.088717520236969,-5.459482669830322,-3.396038293838501,0.6500870288727453,0.7757519695112024,0.9816098426109853,0.7161862762732966,0.7161107850558226,0.9934966538261943,0.5496270371398374,0.7454982192379659,0.9993908802857379,0.6799363100152314,0.9956010723497429,0.5540251344031283,0.7515304775166535,0.9983450046600432,0.6821579204938494,0.9957230513403201,0.5961982445180275,0.7816474942543721,0.9999748565832826,0.7107397244759985,0.999880003156115,0.6831275367401196,0.7850015697838959,0.9936931051078034,0.7291455529690323,706623638094
53.362327575683594,332.6082763671875,25.05048179626465,0.47266533970832825,0.22633130848407745,-0.851681649684906,0.26968497037887573,-0.9572383165359497,-0.10471315681934357,-1.996782898902893,-8.786262512207031,-5.5125813484191895,0.6501413074025575,0.7757917909606001,0.9815333851157434,0.715929050110659,0.7158905313708159,0.9937606651951892,0.5496462483439911,0.7448540368000748,0.9992997756410394,0.6792816072408834,0.9957789833600068,0.5541931882842001,0.7512080193737398,0.9981591706765456,0.6813438510007789,0.9958661958850776,0.5962877053306921,0.781244897465946,0.9999888628349718,0.7099614127300384,0.9998966572179602,0.6833599326604404,0.7848159815775697,0.993774501592127,0.7289413289191404,706623646751
53.33800506591797,332.4844665527344,25.010086059570312,0.4725794494152069,0.2241062968969345,-0.8523174524307251,0.2697727382183075,-0.9574872851371765,-0.10218008607625961,-2.786616086959839,-14.184781074523926,-4.62844181060791,0.6500170564041907,0.7757587342891827,0.9814424557625648,0.715875858246457,0.7156009305095276,0.993973645062787,0.5495907397875747,0.7445794838273565,0.9992430095664578,0.6792175597330804,0.9959440747395067,0.554155311676966,0.750937625075904,0.9980593355134564,0.6811881453711355,0.9960083114986957,0.5961316375793937,0.7804954563891554,0.999993702012647,0.7094655518465972,0.999913818674858,0.6831898499290955,0.7841032862086412,0.9938122842375557,0.7286421560652735,706623655479
53.31928253173828,332.4184265136719,24.952924728393555,0.4722769856452942,0.22233767807483673,-0.8529480695724487,0.2700665295124054,-0.9576253890991211,-0.10008815675973892,-2.1692190170288086,-7.654214382171631,-6.623511791229248,0.6498823106234863,0.7757841107027337,0.9812582303516352,0.7157988762670783,0.7149717724213253,0.9942028082623395,0.5494259825734368,0.7438613637141112,0.9992126760773905,0.6791228354699832,0.996115728385328,0.5540078229464666,0.7502073766999977,0.9979916049531629,0.6808971579880664,0.9961498401016923,0.5958013803590804,0.7794093874390389,0.9999963387321826,0.7088582098488987,0.999930881791518,0.6827584585786783,0.7829914158732344,0.9938483598851757,0.728114114866726,706623664109
53.310035705566406,332.33441162109375,24.898765563964844,0.47230568528175354,0.21924208104610443,-0.8537331223487854,0.26857560873031616,-0.9583099484443665,-0.09751534461975098,-1.0700297355651855,-9.718332290649414,-6.266322612762451,0.649858393366136,0.7756744832628572,0.9807861357384164,0.7153650886204844,0.7138294636017848,0.9943525704940958,0.5491274912387281,0.7427554669685222,0.9992536888385596,0.6791340849093324,0.9962297337977074,0.5536713958344934,0.7494479211651881,0.9980712176657074,0.6812852033919187,0.9962289307871365,0.5954894919641294,0.778498653202032,0.9999926692626119,0.7088923711726979,0.9999421513185739,0.6822370595499321,0.7818721071095021,0.9938215571828769,0.7277227287037105,706623672752
53.28596878051758,332.2111511230469,24.83385467529297,0.4722593128681183,0.21647527813911438,-0.8544645309448242,0.26810359954833984,-0.9587234258651733,-0.09470903873443604,-2.7350804805755615,-14.009612083435059,-7.376887798309326,0.6497604292682045,0.7757288071936175,0.9804248265557135,0.7152500232595136,0.7127300415885244,0.9944709262888517,0.5489415630233822,0.7422331010994575,0.9992696881182535,0.6792979828028952,0.9963039829134153,0.5534810438690737,0.7492906987176376,0.9981117509561688,0.6817785765015069,0.9962784810669135,0.5953466457230904,0.7781624252082933,0.9999893969090299,0.7091784083875347,0.9999468473952284,0.6821913374364046,0.7814294799069569,0.9937391133686847,0.7277636527462987,706623681551
53.2553825378418,332.0347900390625,24.766794204711914,0.4720419645309448,0.21405938267707825,-0.8551929593086243,0.26857295632362366,-0.9588780999183655,-0.09176777303218842,-3.5666561126708984,-20.56498908996582,-7.819579124450684,0.6496583138801186,0.7760279196006332,0.9801773846767814,0.7155746905689273,0.7116096371661629,0.9946141028785179,0.5487589565958988,0.7418512995590911,0.9992756635188134,0.6795869419131267,0.9964170326138275,0.5532617894255116,0.7489511380115965,0.9981356840003102,0.6821930920925005,0.9963758257563539,0.5951488977999084,0.7776423714962134,0.9999861461267474,0.709478503743207,0.9999544184189534,0.6823190472756935,0.7809719823058736,0.9936412122245837,0.7278484310686895,706623690127
53.20051956176758,331.9173889160156,24.715986251831055,0.4718869924545288,0.21352006494998932,-0.8554132580757141,0.26942992210388184,-0.9587410688400269,-0.09068130701780319,-6.323277950286865,-13.5305757522583,-5.856229305267334,0.6495120768951608,0.7760482400566138,0.980049937098315,0.7156130493423684,0.7111458906727453,0.9947654639567517,0.5485316811403645,0.7413430541500844,0.9992939783961482,0.679938640151217,0.9965212196263677,0.5530082541306313,0.7486003925831225,0.9981578994708801,0.6825792422845387,0.9964794382762772,0.5946765013510731,0.7769376513901108,0.9999817145168292,0.7098732057599421,0.9999621948187313,0.6821011853216874,0.7802396520990571,0.9935391663758942,0.7279870142580449,706623698803
53.153587341308594,331.881591796875,24.666221618652344,0.4716089069843292,0.21253862977027893,-0.8558109402656555,0.2690759301185608,-0.9589172005653381,-0.089866042137146,-5.407201766967773,-4.125726699829102,-5.733145236968994,0.649434962945873,0.7761164217682793,0.9798294266448734,0.715250642452801,0.7104375506715941,0.9950679355424319,0.5480116164428509,0.7401487259358195,0.9993544694854537,0.6807782963261294,0.9967345342730508,0.5523539647008501,0.7476503384023206,0.9982832592368208,0.6837375918109347,0.9966480144062372,0.593885727083545,0.7753428499040803,0.9999596923321677,0.7107104110244166,0.9999723488868858,0.6819034624695901,0.7786393841544111,0.9931852615678036,0.7281521670698005,706623707483
53.10567855834961,331.84674072265625,24.583959579467773,0.47127673029899597,0.211688831448555,-0.8562044501304626,0.26779860258102417,-0.9592836499214172,-0.08977106213569641,-5.491976261138916,-3.9944379329681396,-9.43051815032959,0.6495179620971887,0.7758516893582137,0.9795763211180277,0.714623926567078,0.7101848724423147,0.9952387171447015,0.5476715793465636,0.7391158562891047,0.9994040058930304,0.681136207738563,0.9968529911444408,0.551953513236119,0.7471365965747997,0.9983711440181611,0.6845589937140686,0.9967439381285228,0.593412834254981,0.7746042877541476,0.9999432869751308,0.7113991456794928,0.9999785138528571,0.6816500741241664,0.7776579250919996,0.9930216359944323,0.728230716313912,706623716206
53.04249572753906,331.71661376953125,24.515695571899414,0.4722408056259155,0.20877091586589813,-0.8563897013664246,0.25984397530555725,-0.9613465666770935,-0.09107100963592529,-7.339297294616699,-15.115766525268555,-7.92933464050293,0.6485540207785554,0.7746017033761511,0.9789455118816383,0.7143127389901639,0.7095159059268114,0.9960201469168087,0.5485903216861465,0.7346312322843361,0.9988304241436183,0.6745934431788113,0.9974738064248976,0.5516400975735303,0.744871306922146,0.9977003601523207,0.6817737966746326,0.9972783887982827,0.5906697591957121,0.7722844565829438,0.9999730093611491,0.7123781554424485,0.9999998689296906,0.6771715171766843,0.7729627579763908,0.9932791963335345,0.729247374217029,706623724815
52.99510192871094,331.63372802734375,24.45125961303711,0.472628116607666,0.2084316462278366,-0.8562586903572083,0.259397029876709,-0.9614865183830261,-0.09086726605892181,-5.412778377532959,-9.466506004333496,-7.3591437339782715,0.648699794749414,0.7746114391906539,0.9790114685131818,0.7136842114144714,0.7097843957926807,0.9960608552069706,0.5484595524731949,0.73474140450257,0.9988706418953862,0.6752182620777651,0.9975222686247796,0.5513393832917707,0.7444092319802037,0.9978217800094269,0.6824040031370087,0.9973417952692054,0.5902996595772885,0.7717400992184713,0.9999559129570595,0.713234484226363,0.9999996642505659,0.6772000307358444,0.772172269187016,0.9930001058520587,0.7295130932504249,706623733571
52.956993103027344,331.5220031738281,24.415748596191406,0.47336018085479736,0.20912538468837738,-0.8556849360466003,0.25783878564834595,-0.9617581963539124,-0.09241420030593872,-4.43595552444458,-13.003204345703125,-4.1334943771362305,0.6490138242083842,0.7743352601865449,0.9791197574938331,0.7131451854741002,0.7106457295580828,0.9960327026723641,0.5481280123096745,0.7350672744709676,0.9990072796113888,0.6766310063620907,0.9974971562545489,0.5511312789604428,0.7444627845269682,0.9979860584593491,0.6833482721556559,0.9973354612218593,0.5903427556219201,0.7716114737517532,0.9999403486116696,0.7136534789830764,0.9999998791887016,0.6774517679068186,0.7721313731723878,0.9928962052372676,0.7293994109315283,706623742162
52.91944885253906,331.42193603515625,24.367029190063477,0.474335640668869,0.21083319187164307,-0.8547251224517822,0.2567390203475952,-0.9618229866027832,-0.09477169066667557,-4.309062957763672,-11.487001419067383,-5.5917158126831055,0.6491802741614952,0.7744143222371281,0.9796288018765057,0.7135036927568708,0.7119668214006064,0.9959448595765191,0.5479575153073004,0.7356318549499046,0.9991066865855188,0.6777027201706334,0.9974181037840938,0.5510407479827494,0.745029396009653,0.9981081722331896,0.6842260315599056,0.9972940814863691,0.5902416129712581,0.7720494230120253,0.999930358546828,0.7143073752184441,1.0000000156680147,0.6773875720579229,0.7725165520905746,0.9928945391163442,0.7297430519592016,706623750875
52.88060760498047,331.33758544921875,24.301212310791016,0.4752509891986847,0.2124871462583542,-0.8538066148757935,0.25457486510276794,-0.9621015787124634,-0.09773555397987366,-4.470003604888916,-9.70627212524414,-7.574522495269775,0.6493234203399758,0.7744981596848479,0.9800230293764893,0.7136800450959087,0.7129930206158565,0.9959033568138861,0.5475798723067685,0.7362553074602851,0.9992514042330626,0.6795913718400232,0.9973727152605506,0.5508077950939138,0.7453975052274556,0.9983019811675681,0.6856370313015427,0.9972564079530696,0.5903132897540969,0.7722727212576544,0.9999005885842137,0.7152202398234186,0.9999996285330162,0.6778586301035199,0.7728885819195784,0.9927463681474608,0.7299481371208087,706623759564
52.86824035644531,331.3114318847656,24.25997543334961,0.4759218990802765,0.2133200764656067,-0.8532249927520752,0.25144991278648376,-0.9626466631889343,-0.10042057186365128,-1.4359086751937866,-3.036146402359009,-4.787845134735107,0.6493502719826414,0.7746005923637487,0.980353674263883,0.7141772395425205,0.7137416337243464,0.9958586522373738,0.5473184814382301,0.7365817002766462,0.9993515130928823,0.6808188273067517,0.9973182454972817,0.5507046686109036,0.7459553016345226,0.9984160344424701,0.6866625087178451,0.9972015427736094,0.5904471852848359,0.7728499992862081,0.9998876807251837,0.7158004745885836,0.9999987259087012,0.6780836897356354,0.7735791728594206,0.9927743255637439,0.7301492967890986,706623768177
52.83323669433594,331.38232421875,24.23143196105957,0.4762156903743744,0.2151016741991043,-0.8526135683059692,0.24867016077041626,-0.962982714176178,-0.10405483096837997,-4.047806739807129,8.19714069366455,-3.300534963607788,0.6493862667350249,0.7743037061124332,0.9807156870731795,0.7146264155935852,0.7151056507634654,0.9957505830231643,0.5473471866222603,0.736945874553422,0.9993777790808085,0.6809803096282264,0.9972025849682975,0.5508929960643851,0.7472871468842727,0.9984006408506926,0.687134359658107,0.9971066514591348,0.5906659033298229,0.7741248281050594,0.99990837791943,0.7158927457183921,0.9999970193248412,0.6779656591220714,0.7747823764025876,0.9930558848347392,0.7302963962366172,706623776825
52.80854034423828,331.4742126464844,24.20424461364746,0.47711625695228577,0.21931065618991852,-0.8510363698005676,0.24807561933994293,-0.9625912308692932,-0.10897961258888245,-2.8383419513702393,10.560602188110352,-3.1250102519989014,0.6494375019596795,0.773782372591801,0.9811651292846477,0.7150188394325585,0.7170117021818757,0.995486272702395,0.5474505020765181,0.7385944171474517,0.9994335369217883,0.6820072777389032,0.9969834125188669,0.5510571975769061,0.7486608199364002,0.9984711948998906,0.6877355606026221,0.9969480237448723,0.590724507789905,0.7756699559096364,0.9999057759539716,0.7167112905970825,0.9999920911379832,0.677929295701998,0.7761931468722096,0.9931291973987487,0.7311427186056954,706623785525
52.81145477294922,331.5078430175781,24.168622970581055,0.47782519459724426,0.2216116189956665,-0.8500419855117798,0.24746790528297424,-0.9624238014221191,-0.11180377006530762,0.33523404598236084,3.8718879222869873,-4.101161956787109,0.6494149352453175,0.7734792419549561,0.9815450234078209,0.7152666359992854,0.718424891910061,0.9952295771649234,0.5475613423050403,0.7403604769335174,0.9994743688337064,0.6830612713293943,0.9967449623896922,0.55129758000275,0.7501684947223191,0.9985500358453995,0.6884342003258865,0.9967577749732783,0.5911699545338447,0.7775111679149319,0.9998949801897985,0.7176841528948236,0.9999821200584236,0.6785850150202569,0.7779869567357811,0.9930796381685588,0.7321095083062008,706623794211
52.767173767089844,331.5431823730469,24.12493896484375,0.47782382369041443,0.22316843271255493,-0.8496353626251221,0.2478466033935547,-0.9621471166610718,-0.1133355051279068,-5.126765251159668,4.091829299926758,-5.057769298553467,0.6494751045376989,0.7732698773922749,0.9817677211952743,0.7152668991018134,0.7193496895592356,0.9951327830175425,0.5475746864234526,0.7411360870814787,0.999497718870319,0.683676098519196,0.9966191994601756,0.5514426911210026,0.75078598480811,0.9985788899438731,0.6885640615271718,0.9966560315666879,0.5913539810912379,0.7784867268771702,0.9998935539762375,0.718117291423028,0.9999746980556649,0.6790214375954078,0.7790969822638879,0.9930224538744703,0.7328429610100962,706623802848
52.710506439208984,331.56890869140625,24.078540802001953,0.47717297077178955,0.22362735867500305,-0.8498804569244385,0.24924874305725098,-0.9618083834648132,-0.11313579976558685,-6.519532203674316,2.959409236907959,-5.337893962860107,0.6496099999112245,0.7730500651328291,0.9817978343811801,0.714784029786255,0.7198303317198291,0.9950355420921615,0.5476799219575127,0.7418246795083199,0.9994949619883551,0.6838675970151453,0.9965202456313081,0.5516601743481344,0.7511722914019657,0.9985687935350289,0.6882997473843139,0.9965782954545006,0.5916911645753556,0.7791185264810663,0.9999002801608441,0.7179779113777018,0.9999664446817155,0.6796999985555212,0.7799943007404647,0.9929777436518593,0.732983592932146,706623811540
52.649295806884766,331.54132080078125,24.030471801757812,0.47658053040504456,0.22388587892055511,-0.8501447439193726,0.24963165819644928,-0.9616873264312744,-0.11332026869058609,-7.0673723220825195,-3.183353900909424,-5.55003547668457,0.6499245806201994,0.7727099081877408,0.9817992228059561,0.7144499361991423,0.720507314840622,0.9949773566642918,0.5477820139548142,0.7427327537182561,0.999480062161025,0.6842723406254144,0.9964707586486949,0.5519282081222787,0.7517632120512986,0.9984975153708731,0.688012331346997,0.9965503773930025,0.5920453956896383,0.7797300443047706,0.999926054010097,0.7174634706753367,0.9999637271745123,0.6799619813021345,0.7805811609816484,0.9931221636549248,0.7327429517693462,706623820201
52.57448959350586,331.59124755859375,23.987655639648438,0.47675564885139465,0.22594144940376282,-0.8495025038719177,0.24829226732254028,-0.961663007736206,-0.11642671376466751,-8.586515426635742,5.728608131408691,-4.9147539138793945,0.6501181097794242,0.7719955613630098,0.9818733744303393,0.7142011105471278,0.7217863492037053,0.9947241082448243,0.5479009742316112,0.744249586404848,0.9995202815766864,0.6851647467736273,0.9962659395249621,0.5522506557892103,0.7528064584108585,0.9984912653627632,0.6878950292951596,0.9963965379134011,0.5924094894608202,0.781003582889199,0.9999417643101013,0.7172640833095263,0.9999536697793472,0.6799040107502635,0.7816433754014542,0.9933530061206318,0.7326784114582937,706623828913
52.50428771972656,331.6341247558594,23.946807861328125,0.4764675796031952,0.22979727387428284,-0.8486294150352478,0.24935053288936615,-0.960923969745636,-0.12020590156316757,-8.153461456298828,4.983168125152588,-4.744198322296143,0.6501697299108136,0.7716595648461824,0.9821257786952436,0.7144117304762756,0.7229572737669597,0.9944926783733402,0.5481112724025264,0.7459187438781478,0.9995255650398706,0.6858490661559068,0.9960421700155001,0.5526770079282468,0.7539151589491927,0.9984787252959489,0.6876886323054185,0.9961959051740872,0.5931112491803714,0.7826673613467745,0.9999467300866317,0.7174113891493151,0.9999290193039778,0.6809154620484147,0.7835923394038479,0.9933877970786036,0.7329535940373386,706623837523
52.46082305908203,331.70257568359375,23.92294692993164,0.4761897921562195,0.23377200961112976,-0.8476992249488831,0.2503758668899536,-0.9601571559906006,-0.12413770705461502,-4.999302387237549,7.871716022491455,-2.744415283203125,0.6502313345311234,0.7716238830813272,0.9826376251936433,0.7150219352132717,0.7244803945290642,0.9943594189025222,0.5483349649878734,0.7475385423219939,0.9995017665075653,0.6864946764157099,0.9959065634205013,0.5531133337968434,0.755187098784667,0.9983884908027086,0.687512625367459,0.9960656082955067,0.5937998715299305,0.7841390593964424,0.9999656795727655,0.717107186481069,0.9999133356124205,0.681829616919864,0.7853400555336909,0.9935707005596999,0.7330161689623473,706623846217
52.387813568115234,331.8036804199219,23.910953521728516,0.4762478172779083,0.24011363089084625,-0.8458921313285828,0.2523120641708374,-0.9588567018508911,-0.13012473285198212,-8.41922664642334,11.658231735229492,-1.3830132484436035,0.6503450968102602,0.7713915428251071,0.9832191579960312,0.7153001078594352,0.7265260979767386,0.9940888404862452,0.5486223264808642,0.7496196750374639,0.9995014413225293,0.687348514974385,0.9956509086392578,0.5536051578943761,0.7568306649738681,0.9983548267088819,0.6875623229384327,0.9958509243782757,0.5945863761899007,0.7858254379585071,0.9999729681409145,0.7170286061589297,0.9998847158441531,0.6829689379326161,0.7873876504926931,0.9936742037120916,0.73317554870139,706623854889
52.3599967956543,331.9205017089844,23.879179000854492,0.47642937302589417,0.24627263844013214,-0.8440170884132385,0.25390326976776123,-0.9576072096824646,-0.13609379529953003,-3.179241180419922,13.353484153747559,-3.631754159927368,0.6504951005402139,0.7714215471076531,0.9838361739956519,0.7158183462379496,0.7283940887670485,0.9939035958481107,0.54888413446892,0.7516817240247261,0.999484192799302,0.688307171601109,0.9954434835279713,0.554120769131497,0.7585888842704657,0.9982892337623567,0.6877276611849642,0.9956645879062455,0.5953954342261883,0.7876303173813501,0.9999813547612615,0.7171117958550296,0.9998540862799676,0.6841697374571012,0.7894680672547268,0.9937431573290574,0.7335573445803515,706623863638
52.3199462890625,332.0311279296875,23.85512351989746,0.47674286365509033,0.25117358565330505,-0.842394232749939,0.25635313987731934,-0.9563789367675781,-0.14008000493049622,-4.664880752563477,12.884653091430664,-2.801906108856201,0.6504721993777824,0.7716287719000293,0.9844386691919137,0.7165105778084627,0.7298829720280873,0.9937232686398279,0.5493070478372525,0.7532668231562357,0.999420675888005,0.6882738886343077,0.9952559052985306,0.5546955016060203,0.7601417433029076,0.998174644464604,0.6874826225740008,0.9955122887748837,0.5960510425430597,0.7893689669202857,0.999990014379328,0.7172347425474707,0.9998252094284044,0.6852835822801988,0.7915863105657945,0.9938428313327308,0.7341416716501605,706623872224
52.254634857177734,332.02508544921875,23.809648513793945,0.47694239020347595,0.25498783588409424,-0.8411344289779663,0.25851279497146606,-0.9553600549697876,-0.14303241670131683,-7.514527797698975,-0.6975602507591248,-5.232247829437256,0.650587702268949,0.7718558136248788,0.9848842290509822,0.7170527141714653,0.731010539643861,0.9934844302478543,0.5495820495326666,0.7552978316259349,0.9994128805330895,0.6891614790621602,0.9950370810496328,0.5551758942388791,0.7618449028426098,0.9981573855218812,0.6879119864851645,0.9953137630352165,0.5970024089209658,0.7912876530477048,0.9999918579272984,0.7176513731493623,0.999787596250127,0.6867149599758623,0.7937496673086911,0.9938577684009806,0.7346739063120391,706623880915
52.210418701171875,332.0985107421875,23.757266998291016,0.4772915840148926,0.258364200592041,-0.8399052023887634,0.2585489749908447,-0.954782247543335,-0.14677643775939941,-5.116122722625732,8.498290061950684,-6.060582160949707,0.6505825656874861,0.7718627885062259,0.9852377442237101,0.7176071680210079,0.7320645708326763,0.9932432329143689,0.5497172387535122,0.7570457996226813,0.9994458725830735,0.6903018181041237,0.9948297061206556,0.5554829841695675,0.7631168142722077,0.9981734557224501,0.688288884861882,0.9951368140619435,0.5975372479720955,0.792539757640724,0.999992933861006,0.7178064881510017,0.9997592239083958,0.6873606629201214,0.7951185848086937,0.9939492421104321,0.7348285889912025,706623889558
52.13237380981445,332.1505126953125,23.7094669342041,0.4776442050933838,0.2620503306388855,-0.8385616540908813,0.25864169001579285,-0.9541233777999878,-0.15084120631217957,-8.975872039794922,5.980041027069092,-5.497572898864746,0.6506555481711164,0.771488240695331,0.9853114100698951,0.7180667203515094,0.7328093189479921,0.9931538124307151,0.5497362525010703,0.7584323844394169,0.9994644453445645,0.691503639599327,0.9947047150303424,0.5557360306710188,0.7643757534762421,0.9981763991855461,0.6889062672717704,0.9950258257565209,0.5980351633363916,0.7939445455860624,0.9999948494096116,0.7183297918015887,0.9997408432597275,0.6877742891390737,0.7963419788344566,0.994034926268223,0.7353553677176105,706623898253
51.9967041015625,332.0896301269531,23.704513549804688,0.47800251841545105,0.2605903446674347,-0.8388124108314514,0.2546764612197876,-0.9550725817680359,-0.15157940983772278,-15.6263427734375,-7.0133562088012695,-0.5704694390296936,0.6498935862928603,0.7699457399838553,0.9844713438410283,0.7175035907846564,0.7316937270972526,0.9940680419474306,0.5505416008488523,0.755134170908501,0.9989855084192972,0.6865249764359445,0.995471889215404,0.5552130905460646,0.7621270791857714,0.9975576926913258,0.6865218953168497,0.9956689628916534,0.594568395580774,0.7908479353606387,0.9999998615338767,0.7185012119631383,0.9998740210320578,0.682804314483604,0.7913711453579473,0.9942157080656499,0.7363807214391836,706623906935
51.89868927001953,332.0845642089844,23.625244140625,0.4782547354698181,0.26353582739830017,-0.8377477526664734,0.25856155157089233,-0.9538873434066772,-0.15246260166168213,-11.349661827087402,-0.5854824185371399,-9.178956985473633,0.6502306035448956,0.7699639511943391,0.9843762647825023,0.7169565993246089,0.7316526801490105,0.994252851085773,0.5501493094043582,0.7560017744599001,0.9990492598395347,0.6886595475120798,0.9955607399256864,0.5549228689350448,0.7619134690457782,0.9976799158756646,0.6874306332524074,0.9957327658501245,0.5944036660776933,0.7907099554820222,0.9999994317115753,0.7193840345897781,0.9998704441213601,0.6831718799013865,0.7909274934541461,0.9938610532420744,0.7368705303479324,706623915571
51.795745849609375,332.0001220703125,23.518020629882812,0.4782334566116333,0.2636706531047821,-0.8377174735069275,0.2595359683036804,-0.953694760799408,-0.15201129019260406,-11.790538787841797,-9.67201042175293,-12.280793190002441,0.65063638942464,0.7699772856611431,0.9841230729047876,0.7164009733936578,0.7311996653551983,0.994437380887978,0.5495852507908758,0.75688769900531,0.9991478477023078,0.6912470770931572,0.9956282505234479,0.554732111136357,0.7622900050095232,0.9978219400387462,0.6888824174782477,0.995755981458999,0.5949373446716323,0.7908984339218949,0.999997049115587,0.7199241053545439,0.9998601766573931,0.6842574699129296,0.7910918152068664,0.9935541469063949,0.7370092863159529,706623924302
51.72832489013672,332.08465576171875,23.39838981628418,0.4784483313560486,0.26373544335365295,-0.8375743627548218,0.26061734557151794,-0.9535024166107178,-0.1513661891222,-7.819537162780762,9.803495407104492,-13.875014305114746,0.6507340568523465,0.7705787563826504,0.9838656856583046,0.7161513459161962,0.7297270278162,0.9945961216158187,0.548870788185086,0.7568854120795581,0.9993143210666666,0.6937253998481154,0.9957820741683463,0.5539600772710269,0.7606653341923458,0.9981352686547675,0.6901317585573336,0.9958985588859112,0.5944947960104842,0.7888782733039532,0.9999733920329802,0.7206197512885678,0.9998632649693866,0.6848639766633691,0.7893494855432238,0.9929101255513378,0.7367234784826693,706623932924
51.648807525634766,332.0622863769531,23.29924774169922,0.478391170501709,0.26226577162742615,-0.8380683660507202,0.26259326934814453,-0.9534160494804382,-0.14846771955490112,-9.057588577270508,-2.5467114448547363,-11.293208122253418,0.6511865554861692,0.7715714488609889,0.9836703905659253,0.7158279695910427,0.7282088723420754,0.9946773143024762,0.5484050036802207,0.7569762783641327,0.9994099759875893,0.6953354667903561,0.9958720826254992,0.553641700594306,0.7601209868005921,0.9983213010192181,0.6912679806628766,0.9959601977578415,0.5948048618418901,0.7881744076688728,0.9999431855094654,0.7213034640915724,0.9998523338811981,0.686191999322859,0.7888873650732544,0.9923963065728383,0.7364155192832079,706623941703
51.58494186401367,332.0845031738281,23.22327995300293,0.4790150821208954,0.25890058279037476,-0.8387580513954163,0.2604057490825653,-0.9544145464897156,-0.14588259160518646,-7.425451755523682,2.5813910961151123,-8.832244873046875,0.6517388252820251,0.7721069941242863,0.9832858298018222,0.7151950045002122,0.7268049335130141,0.9947136752490161,0.547993478554006,0.756279438344268,0.9995051386006764,0.6961017958698725,0.9959439438119958,0.5533985592599985,0.7595746819041681,0.9984445656973615,0.6919572702145073,0.9960163486304378,0.5949383154228125,0.7876337558597879,0.9999283821818823,0.7214312860305555,0.9998552039269374,0.6864450260885187,0.7881225283197529,0.9922585414808778,0.7356678722912408,706623950304
51.50632095336914,332.15692138671875,23.06418800354004,0.4805101156234741,0.2571892738342285,-0.83842933177948,0.2543902099132538,-0.9558026194572449,-0.14740073680877686,-9.083073616027832,8.36673641204834,-18.37946891784668,0.6523840708486316,0.771524423003006,0.9827360638040571,0.7141192978667716,0.726487523201727,0.9947145867190346,0.547570938091632,0.7560009398681778,0.9996081725137219,0.6973588861462912,0.9959696020120815,0.5530792830956155,0.7592607235840485,0.998593074206129,0.6929291660428964,0.9960414964355759,0.594847330008949,0.7874178515742244,0.9999213704209747,0.7216059181028918,0.9998622590841814,0.6855122334918762,0.7870535326611409,0.9923378150898196,0.7349649436659462,706623958960
51.40140914916992,332.03662109375,22.89763069152832,0.48149004578590393,0.25383657217025757,-0.8388887643814087,0.2499258667230606,-0.9571672081947327,-0.14617815613746643,-11.978684425354004,-13.735620498657227,-19.017684936523438,0.652981373870155,0.7710054768680729,0.9817871420152021,0.7132103982167138,0.7249397621648505,0.9947220031041522,0.547267607779115,0.755109235992911,0.9996701246385304,0.697572957322655,0.9959343618453882,0.5531364690297261,0.7598894630004099,0.9986646988345012,0.6938397387834296,0.9959663972748212,0.595432400537608,0.7886646484024485,0.9999226447132488,0.7221866210749783,0.999853492019409,0.6855061743325491,0.7876035728405776,0.9924701795420976,0.734927158459859,706623967718
51.28219223022461,331.8599853515625,22.709054946899414,0.48176300525665283,0.2472270131111145,-0.8407040238380432,0.24201561510562897,-0.9596013426780701,-0.14350497722625732,-13.741244316101074,-20.35886573791504,-21.735332489013672,0.6535192884441423,0.77042789036414,0.9807184073669877,0.7126937084142382,0.7231450386494779,0.9947970929151572,0.5470252838405009,0.75409100523258,0.9997039816653994,0.6975273382589696,0.9960491475760757,0.553067129412188,0.7602216950939383,0.9986520442872674,0.6945721667846829,0.996022813967715,0.5957035148320016,0.7889431558431053,0.9999425654281431,0.7218938983579571,0.9998705399179733,0.6847864594065114,0.7871379076855742,0.992734629434624,0.7344956910861533,706623976394
51.137916564941406,331.6739196777344,22.507568359375,0.48155853152275085,0.24233616888523102,-0.8422437906265259,0.23684969544410706,-0.9612376689910889,-0.1411535143852234,-16.79766273498535,-21.664852142333984,-23.458818435668945,0.6539312017808705,0.7699314976848007,0.9800304046158601,0.7123657126915703,0.7222489479912695,0.9948373622104022,0.5469282710455811,0.7530434782448839,0.999714846351873,0.6969122475269874,0.9961727674432499,0.552927411647742,0.7595069495384336,0.9986321347730491,0.6943516170779945,0.9961252479558605,0.5956747117255978,0.7882663809090388,0.99995493553362,0.7211766374168691,0.9998901324445797,0.6841352907217448,0.7862438529673235,0.9929180769479962,0.7338368541225588,706623984983
51.02878189086914,331.5368347167969,22.301273345947266,0.4812363386154175,0.24058881402015686,-0.8429285883903503,0.23643158376216888,-0.9615856409072876,-0.1394747793674469,-12.577306747436523,-15.798303604125977,-23.774938583374023,0.654102790006318,0.7702868189984918,0.9799040967594129,0.7125496132340393,0.7215571097428196,0.9948291778646688,0.5468400560336064,0.7518573209418183,0.9997362562736138,0.6961557542943702,0.996279698454017,0.552538357325326,0.7575310106605948,0.9987333905525567,0.6938784548767442,0.9962333841978063,0.5952483039829717,0.7866236798366099,0.9999307502189619,0.7211118370276445,0.9999023944660151,0.683930531083285,0.7848227361834826,0.9927341470547726,0.7332379433746179,706623993660
50.83191680908203,331.1402282714844,22.063570022583008,0.4812796413898468,0.23885709047317505,-0.8433962464332581,0.23858539760112762,-0.961527943611145,-0.13616548478603363,-22.5042667388916,-45.33578109741211,-27.172107696533203,0.6544150043679362,0.7712681526797586,0.9802910768871143,0.7129185700760895,0.7215227572906425,0.9947191613366213,0.5469922765692975,0.7528287967558782,0.9997286912873931,0.6964604308261979,0.996278214867206,0.5526200072034301,0.7568654818461704,0.9988067769230501,0.6937350472695303,0.9962521622804139,0.5960697825293793,0.7863212128743154,0.9998964467836856,0.7214059764016308,0.9998938933294697,0.6857419944770047,0.7852342412722887,0.9924056130919405,0.7329533741315791,706624002408
50.571022033691406,330.6467590332031,21.75395393371582,0.4807519316673279,0.2364373356103897,-0.8443784713745117,0.24210530519485474,-0.9613195657730103,-0.13133829832077026,-30.368331909179688,-57.44118118286133,-36.03974533081055,0.654474029257079,0.7725449120596073,0.9805707592985872,0.7129991187125323,0.7206478634486626,0.9945633008894743,0.547133498829889,0.7526642115776205,0.9997378241391622,0.6958086718290157,0.996232368652569,0.5526413351839616,0.7553869559936459,0.9989151685714242,0.6929609586072921,0.9962079467631442,0.5967598517205903,0.7854285506357191,0.9998421781937251,0.721120432499498,0.9998735179459525,0.687615639872241,0.7854692058228069,0.9920203463943946,0.7320462018366503,706624010999
50.31346893310547,330.0980529785156,21.437654495239258,0.4804735481739044,0.23225213587284088,-0.8456974029541016,0.2443368136882782,-0.961566686630249,-0.12525583803653717,-29.5662784576416,-62.989376068115234,-36.31040573120117,0.6544500010208273,0.7737188318191875,0.9810204891912735,0.713430594289636,0.7203042669338644,0.9945015680177399,0.5473302248177667,0.7528474926250767,0.9997160110312305,0.6953068955806675,0.9962338486839862,0.5528039963093134,0.754374992415403,0.9989015415576276,0.6918116501343363,0.996196264389068,0.5973681730097669,0.7850830759644318,0.9998418010785873,0.7202896175177863,0.9998617901976459,0.6885175110427342,0.7859055651412808,0.9920064415522919,0.7313275379409683,706624019710
49.92561721801758,329.51507568359375,21.098352432250977,0.4784873425960541,0.22771428525447845,-0.8480542898178101,0.25164565443992615,-0.96084064245224,-0.11601602286100388,-44.74524688720703,-67.25523376464844,-39.14411926269531,0.6543759269198336,0.7758730401220155,0.9813139461962196,0.7146009025369031,0.718195342064924,0.994673532678772,0.5473847035293129,0.751482637693073,0.9996659635256412,0.6938666473683307,0.996375865367545,0.5528583347765068,0.7526199388242537,0.9988398908749663,0.6902622027827031,0.9962686305841205,0.597747119904547,0.7841863596168936,0.9998525496374666,0.7191617046762466,0.9998649728859746,0.689403011982123,0.7857909379299273,0.9919569089396995,0.7305094175650791,706624028378
49.571163177490234,328.9815979003906,20.740995407104492,0.47689366340637207,0.22699010372161865,-0.8491454124450684,0.25767597556114197,-0.9597371220588684,-0.11183806508779526,-40.89204788208008,-61.54703903198242,-41.22708511352539,0.6541049485237567,0.7768922182195254,0.9816386178579166,0.7155618795159456,0.7175380460017958,0.9947261402499411,0.5473829681754361,0.751485102295328,0.999654578109512,0.6938999281096986,0.9964467430060095,0.5527675591465082,0.7509367102340498,0.9988247480014577,0.6889242991467089,0.9963628431560794,0.5976167701859308,0.7825880864415433,0.9998668770022933,0.7176203084219054,0.9998811106523194,0.6890298170053333,0.7844454265784034,0.9919761537414119,0.7294090716059328,706624037046
49.15165710449219,328.1183776855469,20.264867782592773,0.47582775354385376,0.22036704421043396,-0.8514847755432129,0.25467929244041443,-0.9611510634422302,-0.1064288467168808,-48.09196853637695,-98.95860290527344,-54.583003997802734,0.653636815728315,0.7768856374835903,0.9814783642925753,0.7156152015318479,0.7167702653765953,0.9948348707764834,0.547446369919215,0.750742395058654,0.9996147042772975,0.6930166919475547,0.9965123644227267,0.5528716366670196,0.7505004750820292,0.9987571203290855,0.6882432565631358,0.9963886496047646,0.598037612713406,0.7824421188039464,0.9999116659166222,0.7160843673787821,0.9999012746963221,0.6882412778005864,0.784425054648138,0.9925436931741528,0.728731567631695,706624045769
48.69428253173828,327.3400573730469,19.74724769592285,0.4743236303329468,0.21816611289978027,-0.8528895974159241,0.2546848952770233,-0.961385190486908,-0.10427915304899216,-52.906585693359375,-90.03072357177734,-59.87521743774414,0.6528200220699767,0.7780810742894589,0.981984831859018,0.7170210423439874,0.716011570518713,0.99502218597971,0.5473436793402517,0.7501853200330578,0.9995803366524173,0.6927975794082678,0.9967248549782787,0.5526577381161648,0.7484549539450798,0.9986635571945583,0.686724347084335,0.9965406760685316,0.5978966833357171,0.7804124587613047,0.9999356875518683,0.7139449209339349,0.9999242645543692,0.688148672174275,0.7833002643751761,0.9926908971454392,0.7275828099600641,706624054414
48.13524627685547,326.3648681640625,19.223031997680664,0.4718453288078308,0.21274220943450928,-0.8556300401687622,0.25316163897514343,-0.9622780084609985,-0.0996505618095398,-64.6730728149414,-112.81700134277344,-60.64500427246094,0.652067051840524,0.7796522041631636,0.9825804417120089,0.7175622680279153,0.7151190744915646,0.9953237444238151,0.5471944033929642,0.7479635809133016,0.99952099711223,0.691212423026091,0.997004243996544,0.5525170481326674,0.7467090174966771,0.9985637474966736,0.6857673422644437,0.9966895845364715,0.598364429964429,0.7781395575585919,0.9999464449610492,0.7115154565812154,0.9999434200235277,0.6891331947897986,0.7820407237723646,0.9926880035361356,0.7256037046154421,706624063058
47.42519760131836,325.44952392578125,18.620134353637695,0.4682859480381012,0.2129969745874405,-0.8575199842453003,0.2588615119457245,-0.9609975218772888,-0.09733693301677704,-82.44894409179688,-106.28779602050781,-70.00672149658203,0.6512848692929055,0.7813270967675934,0.9837215255457643,0.7185654279806134,0.7156715447829355,0.9958952836472179,0.5467750958575127,0.7465281050219285,0.9994400905077194,0.6914391622899102,0.9973943717574534,0.551956078149261,0.7444116055939085,0.9984794357613308,0.6852758231708511,0.9970082456582212,0.5975307512789507,0.7752893290997903,0.9999411156431391,0.7108978582529834,0.9999642970510471,0.68960215836468,0.7802923298960843,0.9922891977915306,0.7254569986307792,706624071670
46.621612548828125,324.3223876953125,17.99103546142578,0.46331945061683655,0.20245268940925598,-0.862756073474884,0.2510400712490082,-0.9636597633361816,-0.09131639450788498,-91.7859878540039,-128.74107360839844,-71.85580444335938,0.6496849159187329,0.7807477907917674,0.9829409516390489,0.7172998037543334,0.7130977361722446,0.9969189040940154,0.5471277009630335,0.7394788432545493,0.9988825961113827,0.6840715603148992,0.9981947366456164,0.551058764960546,0.7398625922069506,0.997837737142542,0.6821138356621478,0.9976487035670909,0.5944649572006319,0.7695533881620732,0.9999574837569708,0.7098583084075907,0.9999999294378815,0.6850160194305562,0.7729491313489948,0.9923329571116041,0.7243885812572957,706624080425
