Palm Normal x,Palm Normal y,Palm Normal z,Palm Direction x,Palm Direction y,Palm Direction z,Palm Center x,Palm Center y,Palm Center z,Palm Velocity x,Palm Velocity y,Palm Velocity z,Thumb Deviation 1,Thumb Deviation 2,Thumb Deviation 3,Thumb Joint Angle 1,Thumb Joint Angle 2,Index Deviation 1,Index Deviation 2,Index Deviation 3,Index Joint Angle 1,Index Joint Angle 2,Middle Deviation 1,Middle Deviation 2,Middle Deviation 3,Middle Joint Angle 1,Middle Joint Angle 2,Ring Deviation 1,Ring Deviation 2,Ring Deviation 3,Ring Joint Angle 1,Ring Joint Angle 2,Pinky Deviation 1,Pinky Deviation 2,Pinky Deviation 3,Pinky Joint Angle 1,Pinky Joint Angle 2
-50.758262634277344,217.6887664794922,-61.45798873901367,0.3487790524959564,0.236776664853096,-0.9068020582199097,0.16861797869205475,-0.967624843120575,-0.1878034621477127,25.505252838134766,-15.12385082244873,10.29525089263916,0.7926081767872727,0.8513562439645989,0.9252266527268587,0.550675138894863,0.5595932796708616,0.5502521348074346,0.5696580179771825,0.5993220993029895,0.5503529307125621,0.546692200575909,0.9893808839713611,0.5431592071004626,0.6429934262883161,0.9979608397037201,0.6754911686651576,0.9895466816386689,0.5548621913283835,0.6697762640294141,0.999400384331159,0.7099529544233605,0.9730542398252484,0.5978579284013267,0.6433428964835769,0.9996511096874625,0.7269736992955087
-50.46730041503906,217.5263671875,-61.35007858276367,0.3493782579898834,0.24055184423923492,-0.9055769443511963,0.1747904270887375,-0.9662500023841858,-0.1892332285642624,33.42443084716797,-18.656150817871094,12.396434783935547,0.7928299690772396,0.8507397132903055,0.9242134593457849,0.5504998673660245,0.5594730982451622,0.5499435593956242,0.5684968926721703,0.5976280657607872,0.5500868331399258,0.5466734020247918,0.988658248739801,0.5431005537924428,0.6415710863595465,0.9975747887693414,0.6735729971059906,0.988759599107084,0.5550663116104412,0.6685433689751266,0.9992395173560531,0.7089763229594608,0.9719579949016621,0.5985667413370636,0.642237652273609,0.9997243149012816,0.7260452278839686
-50.285160064697266,217.38510131835938,-61.27558135986328,0.35054469108581543,0.2432728111743927,-0.9043985605239868,0.1787784844636917,-0.965298593044281,-0.19035972654819489,20.93558120727539,-16.237728118896484,8.562809944152832,0.7927195885190792,0.8506085171132367,0.9242049173048458,0.5505447799559177,0.5596053126373763,0.549651661880464,0.5672781254153548,0.5959466946956139,0.5498911039438296,0.5467110065756405,0.9880983140218522,0.5428276374345626,0.6410712842383456,0.9970011957545726,0.6713453944288429,0.9880841684986515,0.555000996250378,0.6679787710647092,0.9989548074775386,0.7072854703296253,0.9710290660889193,0.5987695065040043,0.6416235684901603,0.9998217829728134,0.7246686498006485
-50.09968948364258,217.19955444335938,-61.1409797668457,0.3519299030303955,0.2447785586118698,-0.9034538269042969,0.18013855814933777,-0.9648701548576355,-0.1912475973367691,21.511566162109375,-21.520097732543945,15.611687660217285,0.7929893066306595,0.8503794221123283,0.9236508991925019,0.5504143904751129,0.5594600350347819,0.5493153739498755,0.5659317781107635,0.5939422820908935,0.5495951604814389,0.5467012976875687,0.9875103646781007,0.542782936118756,0.6397674026060254,0.996642178311741,0.6696282342856852,0.9873919485142763,0.5551483141130142,0.6665383596994466,0.9987529634075315,0.7057100200049539,0.9701014445825865,0.5992873872648865,0.6404485728632519,0.99987416093019,0.7231674113009543
-49.9088020324707,217.0713653564453,-61.05344009399414,0.3531080186367035,0.2450917810201645,-0.9029090404510498,0.1810084730386734,-0.964739203453064,-0.19108691811561584,21.895570755004883,-14.702795028686523,10.041099548339844,0.7933469214578012,0.8507084116190492,0.9237283307916114,0.5503254825274054,0.559233546991039,0.5488593908943912,0.5644534531105333,0.591745274674259,0.5493143429669884,0.5466863112521012,0.9866556957214175,0.5428246378343661,0.6382036388383122,0.996242254650032,0.6681686383527315,0.9864362452366905,0.555430691075158,0.6646508431118989,0.998526909750822,0.7042359326350225,0.9688421980124206,0.6003562344663753,0.6388045486617415,0.9999092066947637,0.721735926980247
-49.7339973449707,216.9815216064453,-61.0093994140625,0.3538312315940857,0.24434202909469604,-0.902829110622406,0.1834082007408142,-0.9646587371826172,-0.1891954094171524,20.23668670654297,-10.40103816986084,5.098506927490234,0.7934428821755134,0.8514658535796912,0.924022054019958,0.5504366828290925,0.558873157663779,0.5484456132741993,0.5632149033949784,0.5897345521519499,0.5489896474722288,0.5466039766819856,0.986178639147727,0.5428761168905696,0.6375855642719219,0.9960545548488902,0.6678101364273631,0.9858648269128025,0.5556556747205548,0.6635235729936891,0.9984273197012254,0.7036616001178501,0.9680400962557358,0.6012180655809918,0.6375428720509735,0.9999173815475761,0.7208555200535366
-49.589385986328125,216.94334411621094,-60.99201965332031,0.3538801372051239,0.24431554973125458,-0.9028171300888062,0.1853630244731903,-0.9644529223442078,-0.1883377581834793,16.691452026367188,-4.407736301422119,2.006070375442505,0.7939397946120849,0.852866632931641,0.9252252810936817,0.5506400276403742,0.5587374426020639,0.5480758844172492,0.5622826861752372,0.5882425976194989,0.5487784619354469,0.546544499724736,0.9857081437233156,0.5429747541696579,0.6367174349320914,0.9959336457014801,0.6674579312680545,0.9852688269078536,0.5559453844803737,0.6621567350228528,0.9983581435038011,0.7030980307176083,0.967186950007656,0.6023121836213842,0.6360272391843121,0.9999163011357235,0.7199466210262948
-49.46101379394531,216.87155151367188,-60.97344970703125,0.3543277680873871,0.2429213523864746,-0.9030177593231201,0.18671202659606934,-0.9646027684211731,-0.18622596561908722,14.782459259033203,-8.266201972961426,2.1381940841674805,0.7943781418009459,0.8539213299141095,0.9259517362914566,0.5508158809222741,0.5585958371161897,0.5476780395938821,0.5610505754731698,0.586326442414416,0.5484422836955105,0.5465056803108536,0.9851395833963171,0.5432547615135499,0.6356716324172443,0.9959956344602695,0.6679502475485554,0.9846404026127276,0.5564200823507168,0.6607404853541422,0.9983928101804623,0.7033320681218619,0.9663937629863932,0.6035662639138907,0.6346483675622951,0.9998959638357044,0.7197909351451128
-49.34612274169922,216.78970336914062,-60.890689849853516,0.3551591634750366,0.23945173621177673,-0.9036176204681396,0.18758058547973633,-0.9652308821678162,-0.18205183744430542,13.288524627685547,-9.466391563415527,9.57202434539795,0.793057561905464,0.8545088241610438,0.9249985641992834,0.5514529258772211,0.5577382725853182,0.5473783634988119,0.5587275720186793,0.5833380608015164,0.54735248358693,0.5468417917289343,0.9831169106875168,0.5436961462715726,0.6330821623372539,0.9954880980281079,0.6675072994020991,0.9825023385376666,0.557118317257662,0.6586077712255466,0.9979525353684638,0.7028453747457493,0.9630547501543151,0.6047157318286184,0.6325535033072013,0.9999866682867545,0.7183925566022843
-49.239479064941406,216.73721313476562,-60.8665657043457,0.3554278314113617,0.23801717162132263,-0.9038909673690796,0.18794238567352295,-0.9654830694198608,-0.1803332418203354,12.259278297424316,-6.034280776977539,2.7734551429748535,0.7934311066699682,0.8553061158697836,0.925684308107767,0.5515513634388043,0.5576820107807032,0.5470052693293654,0.5583640553205154,0.5824482214432797,0.5475188358135626,0.5466505110393771,0.9829319557957733,0.5439136073140499,0.6324319623269061,0.9956584328365694,0.667926728896102,0.9822570155425749,0.5574069572733586,0.6575787577268488,0.9980850307446386,0.7032209438676108,0.962768700158482,0.6056849357823759,0.6315198216451728,0.9999660332167031,0.7186655299496173
-49.16459274291992,216.70594787597656,-60.84446334838867,0.35558024048805237,0.23741711676120758,-0.9039888381958008,0.18721579015254974,-0.9656898975372314,-0.1799812912940979,8.639028549194336,-3.6078035831451416,2.5497848987579346,0.7940562732940335,0.8560944563361981,0.9264585718052292,0.5515707279877662,0.5577003689218691,0.546624570262611,0.5578610105274834,0.5814919047827773,0.547605693936619,0.5465285005286538,0.9829379121657944,0.5441248021557145,0.6319546793697011,0.9959058290666521,0.6684711123732142,0.9821923851208337,0.5576839034520396,0.6565236534586746,0.9982639608688899,0.7035060909435885,0.9627765280534367,0.6065538913674983,0.6304234490268421,0.9999234479517286,0.7188517983376083
-49.115970611572266,216.74147033691406,-60.789859771728516,0.3556351363658905,0.23753197491168976,-0.903937041759491,0.1869218498468399,-0.9657019972801208,-0.18022175133228302,5.534447193145752,4.044032573699951,6.214635372161865,0.7948802305228339,0.8569229811037976,0.9271328948158621,0.5515855494790546,0.5577041287084398,0.5462928983219513,0.5574781667952269,0.5807196333618648,0.5477149736691612,0.546410024373505,0.9828728893540888,0.544334080233235,0.6312298600460673,0.996102541573102,0.6686911976056195,0.9821216188439573,0.5579604254985198,0.6553498606228684,0.9984306492105265,0.7036416289593561,0.9628169433330485,0.6073097803567051,0.6293827000684233,0.9998684059661164,0.7189697154686772
-49.093326568603516,216.76666259765625,-60.719146728515625,0.35559043288230896,0.23732876777648926,-0.9040080308914185,0.187314972281456,-0.9656963348388672,-0.17984364926815033,2.6413373947143555,2.9389331340789795,8.24933910369873,0.7953947157408963,0.8574071610239679,0.9272789380343741,0.5516012270820806,0.557592412482971,0.5460037241553688,0.5569521369524676,0.5796837430547804,0.5476573779965004,0.54628947574233,0.9828847203624704,0.5445791725266965,0.6305789310959735,0.9963606502450377,0.6691342949407595,0.9821385029483867,0.5583198585404191,0.6542772224635054,0.9986368377244054,0.7040575991961292,0.9629633549933929,0.6081351443394063,0.6283700434044505,0.9997863496027442,0.7191746473547584
-49.05514144897461,216.73809814453125,-60.63068771362305,0.35538774728775024,0.2378401756286621,-0.9039533138275146,0.18759019672870636,-0.9655581116676331,-0.18029829859733582,4.398585796356201,-3.291773796081543,10.190139770507812,0.7958751521058385,0.8578159619694309,0.9276698413826918,0.5516304874036814,0.5576838568076803,0.5458672681538075,0.5568490744603255,0.579379605751126,0.5476866140001589,0.5462076023291172,0.9831159841048801,0.5446811355044393,0.6305409257486329,0.9965666538012811,0.6695679498244341,0.982313347133137,0.558513020032305,0.6537403572078385,0.9987903649005805,0.7043678250473631,0.9632155959876979,0.608687167687085,0.6277756952181067,0.999707694493753,0.7193821587507967
-49.03369140625,216.69342041015625,-60.50792694091797,0.35537245869636536,0.23875391483306885,-0.9037184119224548,0.1883872002363205,-0.9652830958366394,-0.18093854188919067,2.2008056640625,-4.582544803619385,12.594825744628906,0.7964166870583532,0.8581443338742557,0.9279274207070427,0.5516285481435291,0.557762840384066,0.5458287514943381,0.5569907272338348,0.5794999615409759,0.547787604667898,0.5461511817631818,0.9833280091244984,0.5446990090968046,0.6306260254183939,0.9966797278950287,0.6697460299893588,0.9825100600568354,0.5585880186236739,0.6535212741975539,0.9988863605426227,0.7045323271660127,0.9635178328831984,0.6089926703116536,0.627590356319053,0.9996410832674191,0.7197319125659873
-49.01993942260742,216.65162658691406,-60.39186477661133,0.3558562397956848,0.2387096881866455,-0.9035397171974182,0.18915817141532898,-0.9652136564254761,-0.1805042177438736,1.8095592260360718,-5.49892520904541,15.270928382873535,0.7966577678999085,0.858264445912898,0.9281145599329717,0.5516346427082178,0.5578702142373068,0.5458727772072076,0.557138687561962,0.57961966096309,0.5478527960233968,0.5461067279400897,0.9834675482332184,0.5446951678269341,0.6308078223535113,0.9967398530190812,0.6699377960131122,0.9826859945466648,0.5586301827633879,0.6536968858337897,0.9989449377194088,0.7048561158833528,0.9638269650206718,0.6091704743612023,0.6277951171344099,0.999592480746797,0.7202131295297234
-49.021759033203125,216.60067749023438,-60.29595184326172,0.35659846663475037,0.23843055963516235,-0.9033207893371582,0.19004762172698975,-0.9651824831962585,-0.1797349601984024,-0.21136048436164856,-5.915342330932617,11.133308410644531,0.796733617249193,0.858037375271455,0.9279432329060128,0.5515595416180852,0.5579229215188668,0.5459181676644509,0.5572068477961946,0.5795637229810141,0.5478928237247453,0.546046815382534,0.9836711498289538,0.5445795288735061,0.6315202505055086,0.9967232283483065,0.6701995454846524,0.9828608909970281,0.5585729877396626,0.6542187546122646,0.9989619759112897,0.7051949703376877,0.9640786671013802,0.6092833739367622,0.6281528058498759,0.9995616108546106,0.7206676082852551
-49.01806640625,216.55584716796875,-60.22215270996094,0.3574005961418152,0.23775769770145416,-0.9031810760498047,0.18979717791080475,-0.9653642773628235,-0.17902188003063202,0.4247681498527527,-5.151749134063721,8.482620239257812,0.7967578209921679,0.8576116153945595,0.9275425039511916,0.5514252739607789,0.5579340932854596,0.5459112180664523,0.557016927627159,0.5791384481606067,0.5478416369889052,0.5460018232798687,0.9837016667891048,0.5445769402030217,0.6317887159605212,0.9967350165417079,0.6704948395692886,0.9828818662356489,0.5586756006092386,0.6543030444551616,0.9989936754977549,0.7055226747897674,0.9641475578493117,0.6095926197414665,0.6282585629395518,0.9995312563435207,0.7209905511863559
-49.05487823486328,216.55055236816406,-60.16481018066406,0.3582807779312134,0.23633015155792236,-0.9032070636749268,0.18946108222007751,-0.9657059907913208,-0.17752869427204132,-4.212913513183594,-0.6073019504547119,6.562833309173584,0.7965022680776656,0.8568126450015359,0.9264623420589603,0.5512261363514045,0.5577014313115245,0.5458396421697175,0.5565346429939864,0.578268034935537,0.5476887434490206,0.5459623619761482,0.9836043297266575,0.544607212826414,0.6319796898155864,0.996720012862306,0.6708602739328773,0.9828148081864111,0.558768374718358,0.6543395226687989,0.9990048162400774,0.7058209413041793,0.9641054459781764,0.6098034855942608,0.6283331624922349,0.9995195332202347,0.721260156165483
-49.09489059448242,216.5572967529297,-60.13554000854492,0.35959506034851074,0.23410376906394958,-0.9032645225524902,0.18838229775428772,-0.9662978053092957,-0.17544429004192352,-4.619990825653076,0.7801129221916199,3.37914776802063,0.7960264739014771,0.8560329044240045,0.9254982463634261,0.5511059079905608,0.5575178398325837,0.5457970585992032,0.5560292504540154,0.5773165801238186,0.5475245069321069,0.5459141668880823,0.9834274283403098,0.5446582329183656,0.6320804630424358,0.9966887718032416,0.6712239305832871,0.9827032951359345,0.558861071842032,0.654461536769374,0.998998434242232,0.706144734199644,0.963992943258919,0.6099952238529555,0.6284263809567289,0.9995217945599794,0.7214603179393746
-49.13913345336914,216.58860778808594,-60.13517761230469,0.36050206422805786,0.2327425479888916,-0.9032547473907471,0.18759649991989136,-0.9666736721992493,-0.1742112636566162,-5.122251987457275,3.6251444816589355,0.04192054271697998,0.7955897216825562,0.8551440382552877,0.9245773793123454,0.5509256236125325,0.557400102651047,0.5458230621598263,0.555908936506431,0.5771857033706395,0.5475255293327602,0.5459534723938405,0.9833228231958108,0.5446302344675242,0.6322756052502135,0.9966151302204906,0.6713174434062505,0.9826155709290771,0.5588749644129012,0.6546359099505278,0.9989570626053477,0.7061105404132441,0.9638561042372514,0.6100981508208817,0.6286013675013674,0.9995446266756683,0.721471102291759
-49.21010971069336,216.6454620361328,-60.138309478759766,0.36080533266067505,0.23241378366947174,-0.9032183289527893,0.18692593276500702,-0.9668219089508057,-0.17410947382450104,-8.166831016540527,6.540191650390625,-0.36001211404800415,0.795142581046389,0.8544438790631244,0.9241625633396103,0.5508208224070723,0.5574772490839056,0.5459101264308405,0.5561264894843333,0.5777609075143819,0.5476827269060999,0.5460625107731153,0.9832262127881345,0.5445616223920626,0.6323461091807567,0.9965046851226992,0.671072666954956,0.9825351845835951,0.5588560255331049,0.6548632573333804,0.9988918519365322,0.7058804660680877,0.9637470393800591,0.6101660159326676,0.6288509640368651,0.9995735601041297,0.7213906755271869
-49.29505920410156,216.73583984375,-60.152565002441406,0.36053144931793213,0.23312966525554657,-0.9031432271003723,0.18703210353851318,-0.9666651487350464,-0.17486415803432465,-8.650531768798828,9.204249382019043,-1.451709270477295,0.7946722779778038,0.8537519028957767,0.9238249283642852,0.5507178851738661,0.557579899566076,0.54601338613068,0.5565119324362814,0.578555570286623,0.5478646560598351,0.5461473163341805,0.983345895367401,0.5443466359946518,0.6329589093125241,0.9963440772687853,0.6707180503911129,0.9826024154144047,0.5586383031604369,0.6554213179305702,0.9987935443235846,0.7054276899345694,0.9637444466545019,0.6099697939283618,0.6292145185103039,0.9996163723982374,0.7211175394434404
-49.3688850402832,216.82830810546875,-60.18464279174805,0.3600149154663086,0.2344130575656891,-0.9030170440673828,0.18784841895103455,-0.9663094878196716,-0.17595164477825165,-9.826804161071777,12.307719230651855,-4.269527435302734,0.7942291096874141,0.8531689906363136,0.9236569213543242,0.5506561224481996,0.5577396713269679,0.5461239734817441,0.5569044747308327,0.5793905437655071,0.5480402627304533,0.546245907345778,0.9834818178549563,0.5441693956012351,0.6333327730711988,0.99622272896616,0.6702548025210724,0.9827307791961452,0.5584227351023255,0.6559903858693696,0.9987156194726772,0.705063924745903,0.9638831903336045,0.6095850611553982,0.6297306075705937,0.9996541638026729,0.720965099736591
-49.46799850463867,216.99546813964844,-60.21696090698242,0.3592950105667114,0.23626747727394104,-0.9028204679489136,0.18895187973976135,-0.9658013582229614,-0.1775524616241455,-9.975869178771973,16.825698852539062,-3.252986192703247,0.7937265407199172,0.8525022018804729,0.9234140678404632,0.550561952128474,0.5578660950640645,0.5462611678433854,0.5575725954689056,0.5807329754255431,0.5483356456166566,0.546369304564668,0.9836868220316206,0.543936959351493,0.6337955685341607,0.996067317714764,0.669583364817541,0.9829238264763647,0.5580984301730978,0.6566874353894475,0.9986133751309159,0.7045276153469757,0.9640937944335252,0.6090093990091537,0.6303624762013149,0.9996994547812619,0.7207438774981774
-49.57774353027344,217.1586456298828,-60.27513885498047,0.35884302854537964,0.23774443566799164,-0.9026124477386475,0.1906975358724594,-0.9652944207191467,-0.17844080924987793,-14.617300987243652,21.732385635375977,-7.748854637145996,0.7934418016803082,0.851898631457374,0.9231539229210969,0.5504055922613406,0.5579417825289038,0.5464354996497193,0.5583468562297365,0.5821497297986474,0.5486170292506378,0.5464548284153551,0.9838622973818388,0.5437739077608414,0.6341204174377618,0.9959677855367958,0.6690898479743731,0.9831345725174103,0.5578137252950125,0.6574375199672456,0.9985417817889202,0.7043061103196769,0.9643785247143588,0.6083967726120472,0.6311066662009343,0.9997330028334879,0.7207809566433919
-49.67559814453125,217.3336944580078,-60.33791732788086,0.3584347665309906,0.2389335185289383,-0.9024606943130493,0.19206523895263672,-0.9648866653442383,-0.17917777597904205,-11.408846855163574,20.409597396850586,-7.319498062133789,0.7933054472154897,0.8514615380910926,0.9232540737511529,0.5502754019794939,0.5581630567471608,0.5466540941842842,0.5593052405945657,0.5838257697164747,0.5489673591280845,0.5465343684064086,0.9840578572511528,0.5436240809700352,0.6342946729809239,0.9958893957512113,0.6684791062209555,0.9834108737490856,0.5575200539914987,0.6582672692036423,0.9984839635132559,0.7041325288622389,0.9647569415754524,0.6077139261337913,0.6318882386514082,0.9997613566197385,0.7207932640556131
-49.79600524902344,217.50656127929688,-60.389244079589844,0.3580850660800934,0.23977720737457275,-0.9023757576942444,0.19384180009365082,-0.9644969701766968,-0.1793626844882965,-13.887869834899902,19.939390182495117,-5.9202165603637695,0.7933523148264905,0.8510797385427612,0.9230894254916093,0.550115396813526,0.5582297787887448,0.5468697515699997,0.5602823735254743,0.5853840702705809,0.5492772871662323,0.5465542642382291,0.9842540018659688,0.5434873397543025,0.6344357110183747,0.9958234285243373,0.6678874148848989,0.9836978242224513,0.5572054731224746,0.6590953963204754,0.9984330663248457,0.7040124032443423,0.9651670212433923,0.6069686563501879,0.6326550455567094,0.999785404519522,0.7208424609906915
-49.92277145385742,217.6673126220703,-60.43651580810547,0.3578174412250519,0.24029521644115448,-0.9023441076278687,0.19568464159965515,-0.9641624093055725,-0.17916028201580048,-14.604276657104492,18.519315719604492,-5.445775985717773,0.7934236529661797,0.8505757367294442,0.9227415325660403,0.5499367301012822,0.5582937858673349,0.5471535891159564,0.5614510033650821,0.5872766958212533,0.5496293512173778,0.5465988649064741,0.9845121692330322,0.5433410645965133,0.6347893387698984,0.9957742698062215,0.667461246065535,0.984072566406944,0.5568594036363481,0.6601559272467502,0.9983933839063112,0.7040274230872804,0.9656627010248233,0.6060931762406725,0.6336371535177697,0.9998100183783488,0.7210443186932602
-50.06196212768555,217.8433380126953,-60.50727844238281,0.35741719603538513,0.24004195630550385,-0.9025701284408569,0.19753655791282654,-0.9639723300933838,-0.17814776301383972,-16.03598976135254,20.27937889099121,-8.152665138244629,0.7936328573459357,0.8503839783880156,0.9227486257889124,0.5498176507508099,0.5584092827699882,0.5474360191256037,0.5627851658221845,0.5896536464851989,0.5500904381265478,0.5467375093803605,0.9845754062865787,0.5433283431219712,0.6342461047753029,0.9957909553192515,0.6667810152159646,0.9843694339922875,0.5566874092159018,0.6607396316996506,0.9984053852436262,0.7040537400238429,0.9661260504800752,0.6054081314560597,0.6343743080990938,0.9998211425238047,0.721194863147817
-50.173240661621094,217.99623107910156,-60.60529708862305,0.3568210303783417,0.2395397573709488,-0.9029393196105957,0.19946493208408356,-0.9638115167617798,-0.17686448991298676,-12.870546340942383,17.682809829711914,-11.33671760559082,0.793936171147981,0.8501919014651089,0.9227214410217022,0.5496619323358711,0.5584979008827977,0.5477695680081227,0.5642142039691443,0.5921362360557683,0.5505355262439339,0.5468708752022081,0.9847119757368935,0.5432847196519711,0.6340024174398836,0.9958067674470156,0.6662588135534978,0.9846979823865438,0.5564987638435622,0.6614326647090456,0.9984184637210533,0.7041231848636567,0.9666105857411798,0.6047508178190599,0.6351689388444273,0.9998296319227806,0.7214052128306488
-50.291603088378906,218.14466857910156,-60.730098724365234,0.35597220063209534,0.2396611124277115,-0.9032421112060547,0.20151406526565552,-0.9635010361671448,-0.17623217403888702,-13.686421394348145,17.164703369140625,-14.431098937988281,0.794297615640945,0.849919728972058,0.9226878812735028,0.5494733372817675,0.5586362846179536,0.5482019748848539,0.5660034386919582,0.595281249838463,0.5510793586036493,0.5470620959796015,0.9849302207475398,0.543235042561293,0.6337998116236491,0.9958578516948902,0.6657450417070424,0.9851157732015665,0.5562530540232223,0.6622186383959112,0.9984387911324589,0.7041279718828698,0.9672014049771489,0.6038341494763544,0.6361811105262398,0.9998436880971998,0.7216949200876305
-50.385982513427734,218.31561279296875,-60.875858306884766,0.35512301325798035,0.2391028255224228,-0.9037242531776428,0.20398685336112976,-0.963260293006897,-0.1746969074010849,-10.859455108642578,19.669389724731445,-16.771438598632812,0.7946042799856554,0.8500727415939021,0.9231311556631169,0.5494083444592929,0.5587923964583552,0.5485621886253035,0.5673536120019812,0.5976852309476988,0.5514319365510507,0.5472256377222229,0.9851693452275653,0.5431704034714951,0.6338161725787109,0.9959002557465301,0.6653848085627908,0.9855696577117045,0.5560002648107338,0.6632705297523606,0.9984622945685111,0.7043431376951994,0.9678692695033535,0.6028217249150464,0.6373858440519147,0.999855756455547,0.7221812767294734
-50.48200225830078,218.49313354492188,-61.035186767578125,0.35416725277900696,0.23863022029399872,-0.9042240977287292,0.20625123381614685,-0.9630192518234253,-0.17336195707321167,-11.124042510986328,20.56642723083496,-18.458131790161133,0.7949882784608527,0.850397907386446,0.9235556587622255,0.5493730989136997,0.5588519637779671,0.5488530978094396,0.5682953116393661,0.5994437903178113,0.5516145079461471,0.5473742357675037,0.9853502011532319,0.5431409722010859,0.6336955098247186,0.9959571401443886,0.6650731914868184,0.9859349056074447,0.5558024565958961,0.6641069743042868,0.9984829188100159,0.7045017489887346,0.9684497928819591,0.6018850288926014,0.6384255076340293,0.9998672428960551,0.7225697719313467
-50.57497024536133,218.65402221679688,-61.19779586791992,0.3528768718242645,0.23825453221797943,-0.9048274159431458,0.20853988826274872,-0.9627393484115601,-0.1721743941307068,-10.722969055175781,18.55686378479004,-18.755277633666992,0.795569707727842,0.850921676970902,0.9241057587984937,0.549331873317449,0.5588786121352759,0.5490651034183825,0.569277198125621,0.601464999370736,0.5519050530983213,0.5475924229625642,0.9851783018495016,0.5432529228558179,0.6324924227764442,0.9960083186343109,0.664371827932081,0.9860787858386416,0.5557260954855103,0.6643400783673714,0.9985010224290136,0.7045423841567999,0.9688064026132768,0.6011028547994552,0.6391089564841642,0.9998793689643467,0.7228623940865586
-50.653404235839844,218.80506896972656,-61.35757064819336,0.35158589482307434,0.23840680718421936,-0.9052897691726685,0.2103571742773056,-0.9624187350273132,-0.1717555820941925,-8.958467483520508,17.251089096069336,-18.249467849731445,0.796165511164148,0.8514671323837415,0.9246585364595631,0.549305765542472,0.558916890314933,0.5491668186656173,0.5697948944949409,0.6029074025262853,0.5520307577022648,0.5478472119670701,0.9849177346583873,0.543417656617489,0.6311134641487526,0.9960757274078061,0.6637483019889456,0.9860672631215691,0.555742992497531,0.6641577910039304,0.9985112260163531,0.7044537088651058,0.9689337088782641,0.6005407367382483,0.6394351197625817,0.9998915388699899,0.7230264579937581
-50.76533889770508,218.99966430664062,-61.526832580566406,0.3503994345664978,0.23779498040676117,-0.9059104919433594,0.21127520501613617,-0.962370753288269,-0.17089571058750153,-12.983917236328125,22.57379722595215,-19.633506774902344,0.7967867022924543,0.8524887987749167,0.9255908875669991,0.5494040754078542,0.5589105616346148,0.5491266933207768,0.5699944931443773,0.6037905073311404,0.5521285909377949,0.5480589722192235,0.9844682136931204,0.5436218808248343,0.6294868371660158,0.9960894952156062,0.6630294238401002,0.9859196392805455,0.5557740603484858,0.6636733110677169,0.9984941815762984,0.7041828996353214,0.9688849814295857,0.6000369128120567,0.6394737080541714,0.9999092627029726,0.7229177128033089
-50.834197998046875,219.21852111816406,-61.6721305847168,0.347929447889328,0.23979464173316956,-0.9063352942466736,0.2173231542110443,-0.9610331058502197,-0.1708390712738037,-7.563848972320557,24.039749145507812,-15.959968566894531,0.7974258620586365,0.8539521892356966,0.9276334746566163,0.5495955935862415,0.559259918229911,0.5498622385789675,0.5710087522200283,0.6060178223628065,0.5519638061902565,0.5483924581113858,0.9844294231588586,0.5438256798454326,0.6278759935068361,0.9962915235465654,0.6622176538680662,0.9862452707962531,0.5558823944095506,0.6643172370908037,0.9984853356657452,0.7037258822626303,0.9695875423136787,0.5989275403037781,0.6403692528443377,0.99994014792143,0.7216570623591863
-50.958091735839844,219.44183349609375,-61.83610153198242,0.3470434248447418,0.2393256425857544,-0.9067988395690918,0.21634115278720856,-0.9612441062927246,-0.17089852690696716,-14.982604026794434,27.00496482849121,-19.829360961914062,0.7981113626316436,0.8549993576900146,0.928237855926848,0.5497415008054345,0.5591485758619739,0.5495608158311024,0.5705610283238444,0.6056700265145645,0.5519361099620103,0.5484833377930629,0.9838901155823068,0.5440478214661361,0.6264502613963377,0.9962738042879418,0.6617497734807402,0.9858722678162615,0.5560007463691315,0.6631802162065418,0.9984570685850334,0.7032492199387265,0.9692206347279153,0.5989094790094547,0.6397155891692443,0.9999496340377108,0.7211969051734234
-51.07347106933594,219.68470764160156,-61.97714614868164,0.3449476659297943,0.24117518961429596,-0.9071083664894104,0.22034865617752075,-0.9602252244949341,-0.1715051382780075,-13.355692863464355,28.114458084106445,-16.326656341552734,0.7988165070928143,0.8563801862207148,0.9299062461012261,0.549917058743893,0.5593797519299575,0.5500982229971935,0.5711892043308654,0.6070839555173767,0.5517414320259545,0.5487121074939596,0.983815500994699,0.5442208106283962,0.62503408445788,0.9964104145814665,0.6609316989164062,0.9860540690530012,0.5561626426241701,0.6634287971540591,0.9984487565144579,0.7027643270516051,0.9696466740672024,0.5984051187513876,0.6400517969907876,0.9999659073366401,0.7197892020486771
-51.183616638183594,219.8562469482422,-62.13055419921875,0.344500869512558,0.24000273644924164,-0.9075890183448792,0.2181604653596878,-0.9607690572738647,-0.17125673592090607,-12.666404724121094,19.725357055664062,-17.641334533691406,0.7994448152804705,0.8570887281950216,0.9298431121069111,0.5500052479286355,0.559094544214508,0.549733528157906,0.570651399007911,0.6065075330542108,0.551707956868488,0.548762366524198,0.9833292122117429,0.544444902707523,0.6240855971271777,0.996416262591425,0.6609644450033244,0.9856546995526585,0.5562973894585288,0.6623228824267601,0.9984527577759548,0.7026804450727796,0.9691345538356938,0.5986968516780308,0.6390903957997063,0.9999662438982536,0.7195467152528434
-51.29352569580078,219.96641540527344,-62.25185012817383,0.3443375527858734,0.23816503584384918,-0.908134937286377,0.21634449064731598,-0.9613851308822632,-0.1700989454984665,-12.602635383605957,12.632973670959473,-13.908287048339844,0.7997531437699233,0.8578155560291136,0.9298324791323271,0.5501885294137302,0.5588016896074423,0.5492355035552261,0.5695620777422566,0.6048773647645201,0.5514935376497595,0.5487192721722628,0.9827878505394193,0.5447383330174651,0.6231928277107184,0.9964606666587068,0.6613437554831603,0.9852047373045947,0.5565326389153245,0.6611771262840609,0.9984990016008509,0.7030025571157584,0.9685769245373106,0.5992157908760248,0.6379708418018777,0.9999580922779988,0.7196062277599087
-51.41782760620117,220.11367797851562,-62.388465881347656,0.3441036343574524,0.23593460023403168,-0.9088055491447449,0.21543258428573608,-0.9619314670562744,-0.16815674304962158,-14.4086332321167,17.070533752441406,-15.836153984069824,0.7999976092107017,0.8583881139556212,0.9295143629536073,0.5502991195302464,0.5583460737878388,0.5487596890451242,0.5686138405849852,0.603326408834021,0.551331257589317,0.5486272101517163,0.9822765263507749,0.5450113452253881,0.6222672099159674,0.9964937108102531,0.6615459532938801,0.9847711134172838,0.5567613473801926,0.6599488899036532,0.9985431056847667,0.7031561896370117,0.9680369717149716,0.5997743197661283,0.6366714255007703,0.9999471439094081,0.7194096574362217
-51.510677337646484,220.273681640625,-62.51583480834961,0.3441452383995056,0.23378458619117737,-0.909345269203186,0.21460390090942383,-0.9624530673027039,-0.16622045636177063,-10.68575382232666,18.41424560546875,-14.658467292785645,0.8001210092948389,0.8587044041789051,0.9290253256872688,0.5503654092436069,0.5579230039787607,0.5483906151495614,0.5677671821793767,0.6018346489053255,0.5511317421207164,0.5485090305895802,0.9819475093908911,0.5452422643909274,0.6218879802368485,0.9965634095987354,0.6621505543825126,0.9844514191695074,0.5569592466106366,0.6591080781438431,0.9985949625680307,0.7035040805088565,0.967602271473815,0.6003039114097014,0.6356033623056,0.9999332029755797,0.7193721443738168
-51.597084045410156,220.38291931152344,-62.61520767211914,0.34436577558517456,0.23147079348564148,-0.9098535180091858,0.2134290486574173,-0.9630565047264099,-0.1642262041568756,-9.818879127502441,12.412835121154785,-11.292451858520508,0.8002530899297774,0.8589273504194987,0.928552657812685,0.550425385572675,0.5575940004295151,0.5481025330243868,0.5670407875733285,0.6006140630620777,0.5509490910518068,0.5484376691262156,0.9816953949344264,0.545524389926907,0.6215375744114445,0.9967052290563465,0.6629755586843536,0.9842488050999861,0.5571610679184782,0.6584234336201846,0.9986791582543948,0.7040027477390612,0.9673216937048175,0.6006949651288105,0.6347609502104242,0.9999160792222638,0.7194645694802806
-51.67490005493164,220.47669982910156,-62.707889556884766,0.3447645306587219,0.22932890057563782,-0.9102448225021362,0.21147798001766205,-0.9637442827224731,-0.16270822286605835,-9.081464767456055,10.944517135620117,-10.816027641296387,0.8002632723038989,0.859058957568756,0.9282041207817855,0.5504968682923663,0.5573785784221988,0.5478707318594972,0.566304165367842,0.5992192165483191,0.550725487114714,0.5483112265204535,0.9817391970507747,0.5456352939363519,0.62201039719674,0.9968198151121692,0.664007520097984,0.98421515912229,0.5572426557843103,0.6583294869742975,0.9987367012745714,0.7045215576494058,0.967223055813319,0.6009186843756193,0.6343481367780959,0.9999010837441202,0.7196465122242717
-51.74019241333008,220.56414794921875,-62.77455139160156,0.3450821340084076,0.22778400778770447,-0.910512387752533,0.209922194480896,-0.9642590880393982,-0.16166985034942627,-7.554934024810791,10.118881225585938,-7.713557720184326,0.8002590142585684,0.8591184647716481,0.9279400393277661,0.550547138136604,0.5572434857764333,0.5477208152306178,0.5658584305313668,0.5983617883865322,0.55062263022831,0.5482308884984635,0.9819009887767333,0.5456291474937434,0.6228173276268497,0.9968839167236052,0.6649282135962601,0.9842816317582225,0.5572067942837234,0.6586228416330177,0.9987636185547215,0.7049690601628525,0.967252600401083,0.6009359371076709,0.6343361768286797,0.9998914301936654,0.7199847842872376
-51.770484924316406,220.62225341796875,-62.82574462890625,0.3454988896846771,0.22641216218471527,-0.9106964468955994,0.20841524004936218,-0.9647348523139954,-0.16077856719493866,-3.521667003631592,6.754528045654297,-5.951473712921143,0.8001789420498923,0.8591209269693286,0.9276733699628461,0.5505950100339707,0.5571199114864964,0.5475906874094615,0.5653356964476028,0.5973785667627587,0.5504505126667255,0.5481504191498653,0.9821275166118101,0.5456143800158133,0.6237229543444663,0.9969675399683553,0.6659244437372147,0.9843644442146865,0.5571967635501032,0.6588814606205171,0.9987984390744047,0.705392803982158,0.9672900847580843,0.6010111283607926,0.6342725147091766,0.9998793158320443,0.7202471817820643
-51.81168746948242,220.68319702148438,-62.86487579345703,0.3460395336151123,0.22537565231323242,-0.910748302936554,0.2073981910943985,-0.9650801420211792,-0.1600196212530136,-4.731207847595215,6.998403549194336,-4.493072986602783,0.8000938061085877,0.8588618385562848,0.9270945281581429,0.5505482376495283,0.5569420940361239,0.5474593748682155,0.564892836645721,0.5966207267817955,0.5503594968297619,0.5481143783300139,0.9821360117452894,0.5456589933642829,0.6240711021626578,0.9970079274141328,0.6665230175593363,0.9842948381026663,0.557258497576098,0.6587615764660855,0.9988148723096011,0.7055931823267869,0.967160515873671,0.6012214655611114,0.6340332163830649,0.9998701612669305,0.720425276237246
-51.835391998291016,220.73658752441406,-62.881710052490234,0.346515417098999,0.22459283471107483,-0.910760760307312,0.20691129565238953,-0.9653005599975586,-0.15931914746761322,-2.723392963409424,6.134181022644043,-1.9340437650680542,0.7999734851161181,0.8587362318103662,0.9269095023724513,0.5505548692240035,0.5569088510787488,0.5473890626737277,0.5646774279713381,0.5962506521454938,0.5503654609822807,0.5480994498573644,0.9821784638923624,0.5456313626097445,0.624465354215134,0.9970030891225886,0.6668648136868063,0.9842806427315273,0.5572752148328549,0.6588476381268589,0.9988186173525698,0.7057635758800931,0.967111347038028,0.601377713443803,0.6339763408643054,0.9998626917893503,0.7206252831181965
-51.85685348510742,220.78793334960938,-62.89988327026367,0.34700992703437805,0.22387725114822388,-0.9107486605644226,0.2061230093240738,-0.965552568435669,-0.15881279110908508,-2.4697673320770264,5.907998561859131,-2.0911858081817627,0.7999229820847319,0.8586451650142163,0.926917309489734,0.5505637085610767,0.5569834556317231,0.5473934600317202,0.5646146186881926,0.5960667237164357,0.5503760480163974,0.5480699986987824,0.9823934622126668,0.5455258877157341,0.6252552672585442,0.9970064375123718,0.6673295079594042,0.9843825955178397,0.5572184119393915,0.6592155539637237,0.9988175288397901,0.7059113292713749,0.9671778515803109,0.6014100752219139,0.6341385055643807,0.9998587324540048,0.7208095348513893
-51.848236083984375,220.79541015625,-62.912967681884766,0.34730079770088196,0.22348201274871826,-0.9107348322868347,0.20590414106845856,-0.9656604528427124,-0.15844027698040009,1.0011743307113647,0.8689789175987244,-1.520039439201355,0.7998496897090368,0.8585142692262913,0.9268380266128644,0.5505519351482544,0.5570101387138741,0.5473921959491274,0.5646450207092134,0.5961521390090861,0.5504430650047676,0.5480884507297904,0.9824732745554446,0.5454792863715754,0.6255891354672184,0.9970013318781968,0.6675146347899,0.9844100148052044,0.5572067106192187,0.6593165122733797,0.998816379328951,0.7059412440856465,0.9671874974882919,0.6014857993640439,0.6341814911685627,0.9998545710850754,0.7209269315435193
-51.84967803955078,220.80812072753906,-62.89683151245117,0.3476478159427643,0.22302323579788208,-0.9107149243354797,0.2060040682554245,-0.9657344222068787,-0.15785877406597137,-0.16614694893360138,1.464584231376648,1.8608030080795288,0.7996692805278603,0.8584260541212607,0.9268600801115631,0.5505897226614327,0.5570700158951087,0.5473890089672568,0.5645471209864998,0.5959355798217763,0.5504235574084966,0.5480650117881006,0.9825981546614084,0.5454188325840796,0.6260365943795714,0.9970037364855688,0.667770010465536,0.9844702588578518,0.5572060747546519,0.6595305324149654,0.9988270553548618,0.7061199130488076,0.9672641376464163,0.6015740165598895,0.6342930476877698,0.9998451370879887,0.7211481753724905
-51.85091781616211,220.80270385742188,-62.88984680175781,0.3480701446533203,0.22218072414398193,-0.9107595086097717,0.2061140537261963,-0.9658746123313904,-0.1568543165922165,-0.14162960648536682,-0.6184985041618347,0.79777592420578,0.7995474708394421,0.8582423550541888,0.9267388427105284,0.5505732305691899,0.5570939252844587,0.5473876402010274,0.5645045457905337,0.595798263103588,0.5504205964360438,0.5480363166033208,0.9826340524312793,0.5454185817478876,0.6262518238338929,0.9970186444425296,0.6680179061878269,0.9844839636688709,0.5572408169585589,0.6595953211894613,0.99884506377837,0.7063209557821878,0.9673014236561748,0.6016953249493662,0.6343655416835049,0.9998354028769191,0.7213901565702976
-51.852046966552734,220.83604431152344,-62.90205764770508,0.34832799434661865,0.2217729687690735,-0.9107603430747986,0.20624789595603943,-0.9659316539764404,-0.15632610023021698,-0.13168375194072723,3.887928009033203,-1.42347252368927,0.799456111163045,0.8580564900438276,0.9266460937313524,0.5505428641201014,0.5571315539237047,0.547417690684574,0.5645699061987475,0.5958320812421709,0.5504496865286762,0.5480120529149809,0.9827090551748133,0.5453468112233855,0.6265771403299739,0.9969903640641349,0.6680799717884892,0.984504217187914,0.5572035358990329,0.6597714143783786,0.9988303954876337,0.7063318939956046,0.9673155566042801,0.6017302157243601,0.6344826176051777,0.9998350351607368,0.7214969773776917
-51.85616683959961,220.86073303222656,-62.8942985534668,0.34840744733810425,0.22174900770187378,-0.9107357859611511,0.20648248493671417,-0.9659035205841064,-0.15619032084941864,-0.47439610958099365,2.8414978981018066,0.8926630616188049,0.7994211830063339,0.8580450454074495,0.9268016318300418,0.5505523620315307,0.5572229813474239,0.5474124784512184,0.5645364927201308,0.5957223315731893,0.5504421367764226,0.5479878514621161,0.9827673328157281,0.5452816174597307,0.6268201007410967,0.9969599676589173,0.6680725161726614,0.9844932296782416,0.5571825215707287,0.6598051717011203,0.9988120327617783,0.7062238870835927,0.9673034639452428,0.6017937733969221,0.6344838447073708,0.9998349809949278,0.721466085616426
-51.83891296386719,220.87115478515625,-62.88491439819336,0.34847956895828247,0.22163687646389008,-0.9107354879379272,0.20704685151576996,-0.9658418297767639,-0.15582413971424103,1.9834681749343872,1.1977975368499756,1.0788599252700806,0.7993476854708668,0.8579915244422296,0.9267972589501584,0.5505563209239555,0.5572417394862352,0.547393257130754,0.5643975559904516,0.5953614185322068,0.5503637301797986,0.5479265625007944,0.9828479424023174,0.5452293453842698,0.6271124696193633,0.9969499578259545,0.6681783347617185,0.984498377762918,0.5571763721203168,0.6598848899973992,0.9988084914060569,0.7062677476382313,0.9673097943741547,0.6018652412874474,0.6344996473420471,0.9998309920971719,0.7215411007706387
-51.81095886230469,220.84713745117188,-62.859493255615234,0.3484180271625519,0.22192712128162384,-0.9106883406639099,0.20778900384902954,-0.9656813144683838,-0.1558309644460678,3.23403000831604,-2.7786247730255127,2.9410881996154785,0.7993194833422621,0.8579248742959784,0.9266959254693582,0.5505489318058976,0.5572254839392622,0.5473728589385325,0.5643163775716534,0.5951736321403801,0.5503277063688448,0.5478988902699743,0.9828933109451535,0.5451699009165151,0.6273022922517517,0.9969182531519872,0.6681315098869225,0.9844828475767308,0.5571386349546128,0.6599111940513778,0.9987866721315719,0.706142232806277,0.9672994211412577,0.601852256979641,0.6345111551469406,0.9998331129523856,0.7215223223831411
-51.7684440612793,220.83544921875,-62.79622268676758,0.3482474982738495,0.22267137467861176,-0.9105718731880188,0.20877692103385925,-0.9654031991958618,-0.1562332659959793,4.8875041007995605,-1.3436598777770996,7.273657321929932,0.799358256802697,0.8578421838622028,0.9266290512827337,0.5505283612422656,0.5572535383495445,0.5473810872697072,0.5644620498375061,0.5954418055922562,0.5503961874842658,0.5479133033116869,0.982818466625968,0.5451587155033742,0.6270885885729559,0.9968760454297748,0.6678344668954722,0.9844169474191355,0.5571339376422396,0.65980226390046,0.9987645716379392,0.7059877150061972,0.967247645105704,0.601849228100866,0.634525333483109,0.9998360615589884,0.7215835651251087
-51.69655227661133,220.82676696777344,-62.6877326965332,0.3467200696468353,0.22566740214824677,-0.9104171395301819,0.2141755074262619,-0.9640315771102905,-0.15739110112190247,8.272829055786133,-0.9982426166534424,12.484179496765137,0.7994093941179367,0.8581248098274914,0.9275879305184443,0.5505509293294122,0.5575755864848909,0.5480543875375893,0.5654602327349532,0.5971388549921482,0.5503045522050445,0.5480426432234212,0.9833914082938299,0.545002761219256,0.6274248290551021,0.9969841378155527,0.6674901223612505,0.9850344784788753,0.5569885044618731,0.6613383555875513,0.998743184781198,0.7057559504605178,0.9681389956189296,0.6009385220629144,0.6358379913047905,0.9998698953617657,0.7205786261162239
-51.65184783935547,220.85740661621094,-62.5994873046875,0.3468474745750427,0.22591914236545563,-0.9103062152862549,0.21386142075061798,-0.9640396237373352,-0.15776857733726501,5.14201545715332,3.523444414138794,10.150179862976074,0.7995498013562077,0.8580433150881996,0.9275542566428434,0.5504812623846828,0.5576057533235856,0.5480421046025962,0.5658088081624968,0.597881853849287,0.5505501331477167,0.5481187914332118,0.9831501457011599,0.5450218981826126,0.6268868838333502,0.9968963866697695,0.666960522761429,0.9848854915551803,0.5569856416193242,0.6609826753320143,0.9987114833489481,0.7054827711558203,0.9679800903067526,0.6009861883525025,0.6358187931612536,0.9998768876716396,0.7206699194749853
-51.623260498046875,220.91001892089844,-62.475830078125,0.34691569209098816,0.22663117945194244,-0.9101032018661499,0.21281364560127258,-0.9640772938728333,-0.15895074605941772,3.313291072845459,6.097606658935547,14.332344055175781,0.7996169594877452,0.8578922547229642,0.9274477130682898,0.5504204872516384,0.5576348905882785,0.5480027951326397,0.5661674565654472,0.5986241017973185,0.5508241096663518,0.5481874185655571,0.98279835476324,0.545064558192241,0.6260632191015367,0.9967809085580125,0.6662088156156196,0.9846064711944729,0.5570050438042617,0.6602159568821518,0.9986604155246712,0.7049222110479132,0.9676486850156856,0.6011296188615599,0.6354176546903914,0.9998846134541153,0.7205326025425439
-51.583648681640625,220.95245361328125,-62.31382369995117,0.34711989760398865,0.2268749326467514,-0.9099645614624023,0.21152809262275696,-0.9642338752746582,-0.15971489250659943,4.585650444030762,4.912628173828125,18.75484275817871,0.7988023370520457,0.8578493867808086,0.92723423513512,0.5506760841406034,0.5575214079470834,0.5479436150684835,0.5658619012594012,0.599091076602861,0.5508037885303299,0.5486017687815755,0.981100730240624,0.5452317921153644,0.6234804348498144,0.9961712672824472,0.6639580461068018,0.9830755469720499,0.557207892702884,0.658540862667663,0.9982315330566373,0.703386511391192,0.9653062992977769,0.6014595823077277,0.6341892401683009,0.9999788988628311,0.7191084314172246
-51.53135681152344,221.07949829101562,-62.17249298095703,0.34663182497024536,0.22943556308746338,-0.909508466720581,0.2112179845571518,-0.9638136029243469,-0.16263537108898163,5.948388576507568,14.452596664428711,16.0767765045166,0.7990044238821971,0.8583185405957864,0.9281797660955202,0.5507781833892219,0.5578399061063998,0.5479887994433178,0.5669178935892518,0.6008339251204166,0.5513605734005815,0.5486386302359689,0.9808179997973545,0.5452176958044089,0.6225892730682419,0.9960284942229514,0.6628672283069665,0.9828685204941644,0.5571289201411502,0.6576869870347568,0.9981672073546032,0.7025059581205719,0.9650565977875181,0.6014639504415513,0.6336757686100378,0.9999823660622648,0.7186686953503721
-51.477542877197266,221.22354125976562,-62.041473388671875,0.346340149641037,0.23225019872188568,-0.908905029296875,0.20987054705619812,-0.9634950160980225,-0.16622783243656158,6.276626110076904,16.799270629882812,15.280977249145508,0.7994624184912112,0.8587812079440792,0.9291537697591283,0.5508024012435602,0.5582010017964859,0.5480197307105932,0.5677465714187154,0.602293573932265,0.5518328237576342,0.5487091875033513,0.9805627052145315,0.5452874033685484,0.6214769489145756,0.9959791574435025,0.6618819208318252,0.9827253603962981,0.5571526103011678,0.6566762666863247,0.9981661038605006,0.7017207765178747,0.9649340872680625,0.6016166677147243,0.6330987867070417,0.9999798109309121,0.7182630765397399
-51.430747985839844,221.40086364746094,-61.92644500732422,0.3464270830154419,0.23438313603401184,-0.9083241820335388,0.20850996673107147,-0.9633002281188965,-0.16904518008232117,5.3326802253723145,20.20686912536621,13.108635902404785,0.7999891957547678,0.8594046982697485,0.9303068212491789,0.5508329731364253,0.5585600591683837,0.548005905620315,0.5684358740856499,0.6034449418885912,0.5522715294854796,0.5487394668207141,0.980233763541594,0.5453679384582126,0.6203977530358668,0.9959061985315455,0.6609763984307282,0.9825149711942998,0.5571882222093051,0.6556690129443207,0.9981502445832263,0.7009909451351712,0.9646990143524368,0.6019160005855818,0.6324301237715841,0.9999776114536377,0.7178044846670858
-51.35631561279297,221.5442352294922,-61.8023567199707,0.34650877118110657,0.23682288825511932,-0.9076599478721619,0.2072732001543045,-0.9630193114280701,-0.1721383035182953,8.625711441040039,16.615724563598633,14.380512237548828,0.8003810657462371,0.8596899467983379,0.9310004561021762,0.5508240260692433,0.5588636769011698,0.5480505778582093,0.5691324605156627,0.6046290914823577,0.5526623291745095,0.548787671394955,0.9801189097693832,0.5453922983532206,0.619842251864827,0.9958769114592917,0.6604320228992128,0.9824536924357864,0.5571895048790685,0.6550541954903406,0.9981513236549546,0.7004602953819695,0.9646028813233845,0.6021582837512159,0.6320969229763072,0.9999753907059485,0.7175220686503567
-51.25302505493164,221.65138244628906,-61.6589469909668,0.3461408317089081,0.24100570380687714,-0.9066988229751587,0.2078542709350586,-0.9621247053146362,-0.17638787627220154,11.953607559204102,12.400684356689453,16.59630584716797,0.8005673251905351,0.859746298520423,0.9312447295715329,0.5508022430637375,0.5590104997356578,0.5480128132149434,0.5695200372022845,0.6052743076275604,0.5529218484391268,0.5488016828009279,0.9800510349275995,0.5453421386735119,0.619573344834895,0.995796457102474,0.6599050732924961,0.9823106928410449,0.5571839089604028,0.654446232877933,0.9981144567651162,0.6998525560139469,0.9643906191974287,0.6025052323162463,0.63169244723359,0.9999747946377979,0.7171853556206929
-51.16093063354492,221.7156982421875,-61.51731491088867,0.34602534770965576,0.2446417659521103,-0.905768632888794,0.20729820430278778,-0.9614824056625366,-0.18049676716327667,10.595433235168457,7.39963960647583,16.2948055267334,0.800565086095688,0.8598399196241602,0.9315998689598153,0.5508760533603801,0.5592301250285328,0.5480085540561899,0.5696997750546878,0.60540715890483,0.5530049792850664,0.5487418905137887,0.9802729634492587,0.5452079623928171,0.6201166408517379,0.995766417694669,0.6599582018879767,0.9823827680905468,0.5570716759227436,0.6545028623712831,0.9980867933632118,0.6995702277553622,0.9644171451483476,0.6025375488656277,0.6318189552731958,0.9999759321677388,0.7171333358870724
-51.065128326416016,221.703369140625,-61.39107894897461,0.34622934460639954,0.2474868893623352,-0.9049173593521118,0.20667167007923126,-0.9610007405281067,-0.18375079333782196,11.12048625946045,-1.4325178861618042,14.652688980102539,0.800291157256772,0.8596381425418046,0.9314667241281176,0.5509519723028589,0.5593180231746735,0.5479101023594188,0.569188940250274,0.6042904535639118,0.5527786093559579,0.5485968715610076,0.9805617802348913,0.5451000263897863,0.6209712046005302,0.995793656152099,0.6604805599043649,0.9824765062281523,0.5570143349388144,0.6547390319570575,0.9980912454734815,0.6996603386789876,0.964469667632291,0.6026157673200111,0.6320023980094811,0.9999747355148879,0.7173098989296239
-51.00093460083008,221.70925903320312,-61.266944885253906,0.3467460870742798,0.25031396746635437,-0.9039413928985596,0.2053866982460022,-0.9606065154075623,-0.18722032010555267,6.291450500488281,0.5775179862976074,12.166410446166992,0.7998248512060637,0.8590002368336594,0.9308246617411405,0.5509267416672187,0.5592965798132565,0.5477945355418746,0.5686767783842652,0.6031181884224309,0.5525519398869501,0.5484291412492159,0.9808274315686509,0.5449881265581235,0.6219018503436073,0.9958059809885137,0.6610669021052271,0.9824634392945861,0.5569739549020731,0.6546997696486146,0.9980804338576829,0.6995934164100962,0.9643526562411682,0.6028745435467902,0.631910471718282,0.9999733019070972,0.7173434211239421
-50.941307067871094,221.74395751953125,-61.14726638793945,0.34735357761383057,0.25171083211898804,-0.9033200740814209,0.20455998182296753,-0.9604406356811523,-0.18896810710430145,8.291991233825684,4.825001239776611,16.64280128479004,0.7991735990250047,0.8579064251786322,0.9295862365089776,0.5507668628735187,0.5590960113178878,0.5477536156602185,0.5681852248123891,0.6019911289474653,0.5523125462287269,0.5482804342750299,0.9812294415210304,0.544794636848555,0.6232291143472112,0.9957974651046384,0.661727046100617,0.9826362459244118,0.5568600921805198,0.6552875947078426,0.9980726815863729,0.6998078764773663,0.9644733700381031,0.602913650353899,0.632225496521147,0.9999722658030019,0.7175270892756204
-50.91872024536133,221.7969207763672,-61.047332763671875,0.34824472665786743,0.2524155378341675,-0.9027801752090454,0.20343047380447388,-0.9604629874229431,-0.19007083773612976,2.6199207305908203,6.143040657043457,11.590683937072754,0.798476375370177,0.8568537247793677,0.9283729423211943,0.550645956843021,0.5589055393785438,0.5477044982863167,0.5675644163600464,0.6006441547177108,0.5520053786489926,0.5481215552763635,0.9816401165508798,0.5446383733782506,0.6246702489235967,0.9958307091078731,0.6626653587767702,0.9828066780104919,0.556803394531027,0.6558440081911933,0.9980962003965066,0.7002063714874747,0.9646164278651034,0.6030170521756919,0.6325289859771593,0.999968126998047,0.7178331736929461
-50.88671112060547,221.85726928710938,-60.95429611206055,0.34886959195137024,0.2526887059211731,-0.9024624228477478,0.2031659632921219,-0.960456132888794,-0.19038799405097961,3.683840751647949,6.945505619049072,10.707441329956055,0.7978403810748878,0.855932649258533,0.9272119399734592,0.5505441690472611,0.5586772064199159,0.5476699511575427,0.5668943191485458,0.5991469171563725,0.5516316202300494,0.547934813430755,0.9821766978818002,0.5444218928614845,0.6264956151838104,0.9958590597666175,0.6637315521289895,0.9830913160447405,0.5567036307474871,0.6567846166660161,0.9981314251807935,0.7008491080968584,0.9649030227271378,0.6030480037552974,0.632988535539872,0.9999613876222038,0.7182515896950895
-50.879302978515625,221.8903045654297,-60.85785675048828,0.34962257742881775,0.25281423330307007,-0.9021357893943787,0.20231673121452332,-0.9605578780174255,-0.19077859818935394,0.8546977043151855,3.8114593029022217,11.127076148986816,0.7973225386232169,0.8551360183383168,0.9262035685811619,0.5504514972509118,0.5584877647735118,0.5476546991769548,0.566441056710134,0.5981480051270459,0.5513898042791187,0.547815630867844,0.9825333506866174,0.5443116401451511,0.6277653101144972,0.9959136498282752,0.664646710284159,0.9833101497567709,0.5566656338941339,0.6574682022618882,0.9981815510168341,0.7014593613643909,0.9651158284555751,0.6030759571242873,0.633378267981154,0.9999555010313386,0.7186529267303127
-50.873844146728516,221.95335388183594,-60.74257278442383,0.3504420518875122,0.2527643144130707,-0.9018318057060242,0.20189088582992554,-0.9606441259384155,-0.19079555571079254,0.6259822845458984,7.232163906097412,13.222291946411133,0.7967284145692574,0.8541524290095364,0.9249686156616778,0.5503113130233923,0.5582513370968326,0.547691932353921,0.5660894869756129,0.5972076101518381,0.5511010010943937,0.5476612031307739,0.9830720853355275,0.544154875080805,0.6293773721822024,0.9960064146875226,0.6657054291095945,0.9836918666066409,0.556556431518644,0.6584577714736224,0.9982623478182526,0.7022673155427595,0.9655218282639303,0.6030383693281863,0.6338896380510461,0.9999437503165026,0.7191247657154008
-50.856536865234375,222.01513671875,-60.63677978515625,0.35137882828712463,0.2523454427719116,-0.9015845656394958,0.2018471658229828,-0.9607630372047424,-0.19024212658405304,2.0093929767608643,7.172682285308838,12.283124923706055,0.7961871294499974,0.8527987861158275,0.9232257953474781,0.5500234651517087,0.5579046477226538,0.5477177927407567,0.565782603200843,0.596411268931834,0.5508887358123905,0.5475361047969183,0.9834955590416921,0.5440095794433948,0.6307524351474743,0.9960541164552794,0.6665268622857032,0.9840030090121308,0.5564486677195594,0.6593419402175091,0.9983136907526309,0.7029031834801563,0.9658654032059945,0.6030009208135932,0.6343791922112073,0.9999338537564291,0.7195255555750949
-50.862735748291016,222.088134765625,-60.53960418701172,0.35251885652542114,0.25158873200416565,-0.9013509750366211,0.20210258662700653,-0.9609203338623047,-0.18917354941368103,-0.7101481556892395,8.359994888305664,11.129837036132812,0.795907844300728,0.8517157488165022,0.9217347391534568,0.54973455879458,0.5575697242380275,0.5476756061322852,0.5653469550367465,0.5955400893746081,0.550713039477778,0.5474549103041927,0.9836017929604144,0.5439705087482167,0.6313465861757915,0.9960629750560488,0.666997627350156,0.984052832633723,0.5564786128985102,0.6595938144985023,0.9983434500769895,0.7032866553377936,0.9659120011131804,0.6032572989880886,0.6344143217689484,0.9999243531834827,0.7197176071433212
-50.86217498779297,222.1111297607422,-60.41526412963867,0.3538767099380493,0.2504235506057739,-0.9011433720588684,0.20165207982063293,-0.9612568616867065,-0.1879405528306961,0.06483837962150574,2.6511759757995605,14.334795951843262,0.7956302232593035,0.8504117179127305,0.9200121331977824,0.5494188925413525,0.5572797602765763,0.5477030446950765,0.5649903393149214,0.5947730587091732,0.5505164242209037,0.5473731965149028,0.9837459616786364,0.5439693327956259,0.6320621161000715,0.9961332454098577,0.6677991748380153,0.9841533886295106,0.5565229409519438,0.6599801908560011,0.9983975120383366,0.703884132612648,0.9660182379242802,0.6034699486616959,0.6345948044083357,0.9999121883640526,0.7200998027009536
-50.85252380371094,222.0863494873047,-60.295616149902344,0.3551214635372162,0.24963076412677765,-0.900873601436615,0.20162419974803925,-0.9614580273628235,-0.18693901598453522,1.1169185638427734,-2.867168664932251,13.848210334777832,0.795398183071677,0.849281374108209,0.9185002227762755,0.5491511377646446,0.5570314823746649,0.5476654803910458,0.5645297566665232,0.5938791374598777,0.5503227283914484,0.5472985720717962,0.9837881033335234,0.543985567326072,0.632465610084641,0.9961721996346309,0.6683384357351265,0.9841565731851737,0.556618236059959,0.66009814401331,0.9984434496241231,0.7043592448316336,0.9660025854919579,0.6038620951211708,0.6345255691558491,0.9998970337638973,0.7203610242278132
-50.842124938964844,222.07394409179688,-60.18563461303711,0.35651880502700806,0.24848724901676178,-0.9006378054618835,0.20213449001312256,-0.9616662263870239,-0.18530984222888947,1.198533296585083,-1.4308470487594604,12.676423072814941,0.7951076587128654,0.848082704067173,0.9169316997722288,0.5488408583216055,0.5567289906283271,0.5475740136965992,0.564035212727184,0.5929540123712369,0.5502047880609819,0.547229327653383,0.9836487701370175,0.5440007698263157,0.6326425004288141,0.996120188255795,0.6686157308508911,0.9840054944296415,0.5567403148530234,0.660048752359698,0.9984449992315451,0.7046721692567737,0.9658076160387645,0.6043639688953514,0.634359901730455,0.9998884975602379,0.7205166245737974
-50.839900970458984,222.05587768554688,-60.0777587890625,0.3580532371997833,0.24662993848323822,-0.9005395770072937,0.20236995816230774,-0.962056040763855,-0.1830153912305832,0.25765129923820496,-2.0900118350982666,12.482592582702637,0.7950302613518726,0.8469080089075203,0.9153312371462038,0.5484802318012106,0.5564083202076082,0.5474905407469174,0.5635972947108382,0.5921980430003922,0.550148383308688,0.5471939598323176,0.983346877201422,0.5440917550959018,0.6322652864985324,0.9960720318735533,0.6686561505782171,0.9837688427140928,0.5569206013780981,0.6596853562337228,0.9984444760641806,0.7048121836103456,0.9655331761057753,0.60490251706097,0.6340348387298843,0.9998807281251494,0.7205584560717528
-50.83946228027344,222.0282440185547,-59.964500427246094,0.35949277877807617,0.2446795254945755,-0.9004981517791748,0.20288552343845367,-0.9624207615852356,-0.18050982058048248,0.05034633353352547,-3.1805081367492676,13.036273956298828,0.7949609527252307,0.84577268734945,0.9135714715154091,0.5481390690559321,0.5560034016399285,0.5474100093796783,0.5632521908880506,0.591630280563593,0.5501461167361599,0.547174535747229,0.9830179625835576,0.5441632301184008,0.6319206564206072,0.9959888990200344,0.6686287744362147,0.9835334823153846,0.5570347483585942,0.6594032958942463,0.9984160968108965,0.704831479238681,0.9652603030596313,0.6052762757798817,0.6337764279371951,0.9998800707696607,0.7205557193375074
-50.828704833984375,221.96168518066406,-59.85846710205078,0.3609708547592163,0.24269787967205048,-0.9004430770874023,0.2038445770740509,-0.9627283215522766,-0.17776821553707123,1.2320488691329956,-7.623037338256836,12.14453411102295,0.7948901297048765,0.8446978437839533,0.9117695227847604,0.547832266004536,0.5555749855495431,0.547340480554194,0.5628533544017158,0.5908739044917503,0.550081058399313,0.5471131228666671,0.982811772780389,0.5441816458989769,0.6319445321049562,0.9959071975003531,0.66874791063377,0.9833791057290923,0.5571160448049699,0.659421818157454,0.9983930590742649,0.7050324282618877,0.9650934025848933,0.6056232364016967,0.6336584416385199,0.9998757840337645,0.720653579817266
-50.80436325073242,221.85511779785156,-59.74332046508789,0.362440288066864,0.24050569534301758,-0.90044105052948,0.2042044848203659,-0.9631483554840088,-0.1750594675540924,2.841477394104004,-12.440988540649414,13.442048072814941,0.7948747311873998,0.8436277543439178,0.9099667615899402,0.5475254736394005,0.5551678115726874,0.5472796594544165,0.5624091466614997,0.5900571848154479,0.5499836325755937,0.5470589520254694,0.9826673418687373,0.5442009443350729,0.6321063884292537,0.995856930703757,0.6690275533584011,0.9832700662663126,0.5571672875835226,0.6595091715408781,0.9983752795211542,0.7052510292032826,0.964969568969412,0.6058387255714376,0.6336501111081658,0.9998740967726496,0.7208303242890446
