Palm Center x,Palm Center y,Palm Center z,Palm Direction x,Palm Direction y,Palm Direction z,Palm Normal x,Palm Normal y,Palm Normal z,Palm Velocity x,Palm Velocity y,Palm Velocity z,Thumb Deviation 1,Thumb Deviation 2,Thumb Deviation 3,Thumb Joint Angle 1,Thumb Joint Angle 2,Index Deviation 1,Index Deviation 2,Index Deviation 3,Index Joint Angle 1,Index Joint Angle 2,Index Angle from Prev,Middle Deviation 1,Middle Deviation 2,Middle Deviation 3,Middle Joint Angle 1,Middle Joint Angle 2,Middle Angle from Prev,Ring Deviation 1,Ring Deviation 2,Ring Deviation 3,Ring Joint Angle 1,Ring Joint Angle 2,Ring Angle from Prev,Pinky Deviation 1,Pinky Deviation 2,Pinky Deviation 3,Pinky Joint Angle 1,Pinky Joint Angle 2,Pinky Angle from Prev,Time Stamp
-108.4866943359375,177.55987548828125,22.063528060913086,-0.0708964467048645,0.4684610962867737,-0.8806349635124207,0.9932610988616943,-0.047993406653404236,-0.10549402981996536,10.403678894042969,10.399779319763184,9.61455249786377,0.6340978156425088,0.5693923270491541,0.5950941209134579,0.5905515285228444,0.5854500029864204,0.5403217350066208,0.5654255928704369,0.692969537992264,0.566454242694666,0.601482004959806,0.636526327509147,0.7518654664253057,0.9014017506219494,0.6043480305221528,0.9560421961824884,0.7256547161704331,0.7537537676594134,0.7394924297229055,0.9305789229295948,0.6270117602371117,0.945222911380856,0.7386722726688956,0.542815446060952,0.7051542880429948,0.9750028178801161,0.7004850198155729,0.9323522553442174,0.7372257742633378,0.5430023224882004,57181142933,Left hand
-108.37757110595703,177.63145446777344,22.18498420715332,-0.07016926258802414,0.4672186076641083,-0.881352961063385,0.9932486414909363,-0.04909474402666092,-0.1051037535071373,12.862598419189453,8.436776161193848,14.315886497497559,0.6339601265280315,0.5694367908441984,0.5959395115493735,0.5896080668450735,0.5876162765049109,0.5403140882408605,0.5670619100406578,0.7005229391439171,0.5678638743082354,0.6043978375440282,0.6358584879293873,0.7503163164609263,0.9025734209696654,0.6049306556628745,0.9561363328226731,0.726157845673068,0.7517245096597307,0.7383658908510539,0.9312679554744451,0.6275534768256946,0.9454150601660561,0.7389360687799883,0.5428065624580556,0.7040991594415648,0.975750882220186,0.7012242744937174,0.9322324333202026,0.7381877431441136,0.5430149773330022,57181151417,Left hand
-108.27045440673828,177.7178955078125,22.30782127380371,-0.06935807317495346,0.46666428446769714,-0.8817107677459717,0.9931060671806335,-0.051423329859972,-0.10533765703439713,10.667949676513672,8.609267234802246,12.23346996307373,0.6331569894501897,0.5694725947958864,0.5983710070467426,0.5881225826238502,0.5918457296872693,0.5403090942280028,0.5683591980498666,0.7067616554428806,0.568936163415595,0.6069340316768764,0.6346049846234091,0.7488997185075107,0.9034708383413493,0.6051506238804879,0.9563447674990342,0.7268725925321712,0.749857418478721,0.7376676367029691,0.9313916348958152,0.6275048607577757,0.9458191900071761,0.7392229855471586,0.5427723520323803,0.7034298677744212,0.9760966359200373,0.7009311477835191,0.9323765404019058,0.7394262030668257,0.5430211140504017,57181161458,Left hand
-108.0426025390625,177.679443359375,22.40277862548828,-0.06538544595241547,0.46767064929008484,-0.8814811110496521,0.9934312701225281,-0.052626967430114746,-0.10161084681749344,31.27594566345215,-5.279382228851318,13.034638404846191,0.6316050299381164,0.5686145621981107,0.6017302723805158,0.5863556423190046,0.5989400919202558,0.5403062578113265,0.5688287473016641,0.7092908353788773,0.5690524391123369,0.6080571683133962,0.6326706451315661,0.7471717088637685,0.9026783885422865,0.6001686793714982,0.9579396523722192,0.7332641627341135,0.7473915359357636,0.736717592156008,0.9297434845467604,0.6208707571275308,0.9476781499515753,0.7457540822304203,0.5426128591139578,0.7035429994412417,0.9734817117284322,0.6913633351063991,0.9355352154839601,0.7441508196091696,0.5428683443609964,57181168743,Left hand
-107.80746459960938,177.59420776367188,22.50835609436035,-0.06112968176603317,0.4688284695148468,-0.8811714053153992,0.9936977624893188,-0.05451713874936104,-0.09794191271066666,25.893888473510742,-9.386428833007812,11.626266479492188,0.6303194969204645,0.5679916239254178,0.6060590133389093,0.5846087803484505,0.6071922210762152,0.5403058567917953,0.5694850485932266,0.7130903196248901,0.5695263391334258,0.6098300306832277,0.6312013652818359,0.7451130759756326,0.9015668404602811,0.59511732329218,0.959928325577616,0.7397090818788864,0.744958536511623,0.7355699612188615,0.9277275606084926,0.6142604843423598,0.9499467816470589,0.7521093749393872,0.5424601730874014,0.7035679709963595,0.9703633011635954,0.6818822969246324,0.9392485244136967,0.7482302498246858,0.5427034660068847,57181177824,Left hand
-107.54879760742188,177.49134826660156,22.597442626953125,-0.05719442293047905,0.4703046679496765,-0.8806487917900085,0.9939352869987488,-0.05616085231304169,-0.09454423189163208,31.213848114013672,-12.410832405090332,10.750019073486328,0.6291029240851559,0.5675861893694492,0.6107783571690903,0.583134116893975,0.615081236473519,0.5403067346587722,0.570555140862019,0.7181907452206993,0.570261747142277,0.6119560092803993,0.629692071208798,0.7430471570815389,0.9002948789665188,0.5905095632765244,0.9619873631225276,0.7456015105283912,0.7422102632210446,0.7340791759106365,0.925962671712582,0.6087973915913133,0.9522202030075934,0.7575512258773728,0.5423532838989847,0.7030141491947323,0.9677331520453423,0.6746146494690327,0.9425707995539304,0.7511692506755389,0.542583394410884,57181186111,Left hand
-107.31731414794922,177.4116668701172,22.690410614013672,-0.05399636551737785,0.47206056118011475,-0.8799108862876892,0.9940422773361206,-0.05814197286963463,-0.09219251573085785,26.644041061401367,-9.172181129455566,10.700841903686523,0.6277255690449356,0.5672308982079572,0.6156171015253058,0.5817768973410915,0.6225054589302814,0.540312758382206,0.5719397823774888,0.7240736691943622,0.5710528139442965,0.614224658279378,0.6277912858479383,0.7411516234060784,0.8989968917961854,0.5863157592952344,0.9639188431459942,0.7510967792232318,0.739142722176052,0.7326228947811575,0.9243083588930315,0.6040420082803111,0.9543420516904211,0.7623723063802881,0.5422695266282921,0.7022933233307919,0.9653237759831518,0.6684819544666977,0.9455501790000171,0.7534519457782746,0.5424890171838079,57181194799,Left hand
-107.08525085449219,177.33493041992188,22.740446090698242,-0.05165547877550125,0.4741801917552948,-0.8789111971855164,0.9940806031227112,-0.05981634184718132,-0.09069567173719406,26.90860939025879,-8.898653030395508,5.801870346069336,0.6266332517681112,0.5670917953808635,0.6196604552362506,0.580228914472727,0.6293050346338523,0.5403180290502826,0.5731277668245346,0.7302545416165355,0.5718643175269559,0.6170459779239695,0.6262547998852707,0.7397774729090291,0.8976694805541177,0.5828293478096273,0.9655319326917279,0.7556062000376227,0.7370920186399466,0.731281155899802,0.92283215673509,0.6002626200160681,0.956241875150709,0.7661946490758071,0.5422217583209314,0.7014685765441513,0.9632543781364731,0.6637611547538352,0.9481497310764623,0.7549386228466989,0.5424270443514704,57181203423,Left hand
-106.89018249511719,177.2560272216797,22.798734664916992,-0.05019902065396309,0.476009726524353,-0.8780061602592468,0.9941046237945557,-0.0607791468501091,-0.08978814631700516,22.444698333740234,-9.078141212463379,6.706726551055908,0.6257829753590403,0.5670537739889129,0.6230266903179655,0.5789235160003352,0.6349757464344271,0.5403336347438604,0.5748435208760397,0.7373621339258325,0.5729075961332035,0.6198393311623628,0.6247297304631118,0.7386628686144001,0.8964528770065837,0.5799224952834736,0.9668997010080687,0.759422629723203,0.7347636709235087,0.7301649832904311,0.9216055778127663,0.5973557184182625,0.9578051335621388,0.7691621646841886,0.5421844636434797,0.7007145204198818,0.9615795695318929,0.6602590729251535,0.9502284460758166,0.755851290543987,0.5423850698585737,57181212114,Left hand
-106.70146942138672,177.21153259277344,22.86156463623047,-0.04882987216114998,0.47744593024253845,-0.8773032426834106,0.994114100933075,-0.061814695596694946,-0.08897224813699722,21.7362003326416,-5.124471664428711,7.236771106719971,0.6252272465419393,0.5671589693042406,0.6254351400475148,0.5776313395173582,0.6396909980351424,0.5403502604427316,0.5764441417339661,0.7448022401214669,0.5739554638025116,0.6231195720168614,0.6235417299261518,0.7375363847544787,0.8955325854975841,0.5776652669749308,0.9680662787226847,0.7625413183386112,0.7327147934214483,0.7288733263552292,0.9208498424733018,0.5953505513482931,0.9591159260662174,0.7713947002242753,0.5421694031567262,0.6995395072785358,0.9605719748770748,0.6581015535821594,0.9518640044270092,0.7563822376915874,0.5423848733923299,57181220796,Left hand
-106.51583099365234,177.14988708496094,22.92805290222168,-0.04771566018462181,0.4786248207092285,-0.8767220377922058,0.9940844774246216,-0.06297973543405533,-0.08848535269498825,21.357738494873047,-7.0932207107543945,7.6494622230529785,0.6250958811559909,0.5673999376375213,0.6262912855474918,0.5763674719340199,0.6430000756924501,0.5403660105246031,0.5780271187638842,0.7529710484961334,0.575087048075546,0.6270578540151697,0.6228620851460513,0.7363241449974564,0.8950087254878715,0.5760245309960565,0.969020310456724,0.7650499728140975,0.7308092804652945,0.7275474622174675,0.9204471170131002,0.5940243194398309,0.9601915428644909,0.7730473123067755,0.5421615515300403,0.698366401665813,0.9599229573546689,0.6568266633014691,0.9531403646343726,0.7565104553491978,0.542378306747141,57181229488,Left hand
-106.34458923339844,177.1090087890625,22.97684669494629,-0.047116827219724655,0.47935086488723755,-0.8763576745986938,0.9940947890281677,-0.0633544921875,-0.08810058236122131,19.57696533203125,-4.67297887802124,5.578294277191162,0.6253625642621201,0.5679149147319041,0.6257838511417398,0.5750976429185992,0.644804962750381,0.5403936295562513,0.5800982039113356,0.7624741267475144,0.5765069641864189,0.6314279032194201,0.6223017520874995,0.7355026924605165,0.8944822928099806,0.5747546148687117,0.9697613058091972,0.7668991913605285,0.7290242499170058,0.7264936582189758,0.9200669810277896,0.5930458622615004,0.9610948923831186,0.7742000624988149,0.5421675630184039,0.697258018251706,0.9595171894500337,0.6560045377636807,0.9541139719358696,0.7565262492435214,0.5423948344373554,57181238235,Left hand
-106.16571807861328,177.03245544433594,23.019954681396484,-0.046912308782339096,0.4798629879951477,-0.8760883212089539,0.9941399693489075,-0.06308234483003616,-0.0877859890460968,20.849637985229492,-8.9228515625,5.024935245513916,0.6262582682961089,0.5687036804981753,0.6234904953873557,0.5738513578522306,0.6449888179712674,0.5404395997954003,0.5824982717349686,0.7728788234253515,0.578025320717285,0.6361789067703378,0.6221410667627418,0.7352723115029999,0.8935896478656942,0.5736867960438491,0.9704043725583636,0.7679645274251194,0.7275149081058505,0.725882219478983,0.9194527919256349,0.5923363441965763,0.9619290555659656,0.7746749804970829,0.5421857796032046,0.6964157122286102,0.9591784899266774,0.6555542345786334,0.9549134169616137,0.7563060091462582,0.5424337737588094,57181246814,Left hand
-105.97669219970703,176.939697265625,23.08964729309082,-0.046915195882320404,0.4801945686340332,-0.8759064674377441,0.9941768050193787,-0.06271495670080185,-0.08763193339109421,21.61041259765625,-10.605088233947754,7.967548370361328,0.6274799005355999,0.569783762189099,0.6201236162567016,0.5724417129401137,0.6442879874802151,0.5404663240357789,0.5843980975693908,0.7828157400110005,0.5794943461575225,0.6414395515372123,0.6224914788051127,0.7353466194435538,0.8927277105570699,0.5731047174780531,0.9708665069004363,0.7681198102891493,0.7271858023023599,0.7254600251575628,0.9188996176278882,0.5921030600629558,0.9626138300952637,0.7744451163254619,0.5422158740400543,0.6956868151125971,0.9589779439679369,0.6556990062562371,0.9555342159722024,0.7556147593590006,0.5424831595039831,57181255561,Left hand
-105.77555847167969,176.82472229003906,23.131214141845703,-0.04683363437652588,0.4802286922931671,-0.8758921027183533,0.9942818284034729,-0.06183284893631935,-0.08706521987915039,23.355464935302734,-13.350776672363281,4.826478481292725,0.6290092595167359,0.5711210242543856,0.6167894269999646,0.5710301898804272,0.6437547772007414,0.5405012529804823,0.5862086021768665,0.791730582007883,0.5807638704853793,0.6461438349882731,0.6232867904379545,0.7357014440088331,0.891446692535926,0.5723766340475214,0.9714239932317571,0.7681058345668725,0.7269053122663237,0.7253584786862348,0.9178621610913261,0.5915717178671219,0.9634680056035216,0.7741608414367391,0.5422445819099487,0.695217176304751,0.9585465579220306,0.6553567687541496,0.9562802385724058,0.7552668750647368,0.5425408346423418,57181264173,Left hand
-105.59386444091797,176.7250518798828,23.146116256713867,-0.04668347164988518,0.4796370267868042,-0.8762242794036865,0.9943562150001526,-0.06134667992591858,-0.08655790239572525,20.910686492919922,-11.470492362976074,1.7152156829833984,0.6309900284553593,0.5727162173993463,0.6122151385602491,0.5696094926955978,0.642063784778959,0.5405310961066052,0.5877807637696488,0.8000329777843975,0.5819109234000683,0.650813186820461,0.624635193564008,0.7364716005086176,0.8901068981942081,0.571754900420265,0.9717992454684166,0.7678327005307073,0.7272355720021382,0.7256993039240718,0.9166723941956932,0.5910445462260683,0.9641500354055216,0.7736635669725281,0.5422626188772744,0.6949935188781439,0.958147537361835,0.6548608670041144,0.9568232248864192,0.7551879623746319,0.5426229008398453,57181272862,Left hand
-105.39653015136719,176.6116485595703,23.16570281982422,-0.04622902721166611,0.4786946177482605,-0.8767635822296143,0.994446337223053,-0.06102006882429123,-0.08574976027011871,22.842533111572266,-13.127330780029297,2.26716947555542,0.6330441316483677,0.5743262189457451,0.6082309483457946,0.56842997677764,0.6406515380107971,0.5405603699820104,0.58912248782114,0.8070730322222132,0.5828895458990778,0.6548672745315929,0.6260365513661899,0.7367747542230298,0.8896396845979789,0.5718640605802442,0.9719105759567043,0.7670672087967176,0.7272318685488677,0.7256984793569937,0.916093508839966,0.591050958258978,0.9645950766397636,0.7730083787296668,0.5422833624242912,0.6946494530917087,0.9580639097229787,0.6549596968893321,0.9571503759110301,0.7549162398752587,0.5426792977384497,57181281501,Left hand
-105.23369598388672,176.53125,23.21675682067871,-0.04571519419550896,0.4779757857322693,-0.8771825432777405,0.9944899082183838,-0.06115039438009262,-0.08514955639839172,18.75970458984375,-9.262224197387695,5.881887435913086,0.6350142025807539,0.5760353510631582,0.6047023245155144,0.5672507159277561,0.6395079351292068,0.5405385356615335,0.5887990186817821,0.8099050700904122,0.5829992491481286,0.6577693422865977,0.627918640576553,0.7373899670191278,0.8891142902880877,0.5721167494826503,0.9718978945289032,0.7659453781568785,0.7287016140232161,0.7259226719481584,0.9155211022452645,0.591166748196094,0.9648822897883321,0.7721136663087756,0.5423047230845643,0.6943779654028877,0.958056374173758,0.6551341240677572,0.9573286343370919,0.7546474958442885,0.542757628072322,57181290181,Left hand
-105.16590881347656,176.6073760986328,23.237165451049805,-0.04761020839214325,0.47661271691322327,-0.8778231739997864,0.9941616058349609,-0.06258191913366318,-0.08789876848459244,7.808576583862305,8.768824577331543,2.3508031368255615,0.6372035534420154,0.5773739320066659,0.5998397738778023,0.5670462523357772,0.6341218156041115,0.54048873086592,0.5837200619842667,0.7899035834172237,0.5790491597527024,0.6482915123395849,0.6304047646332183,0.7398035410678546,0.8897291812236229,0.5766429191337504,0.9703230908743821,0.7577191407335232,0.7327408782451522,0.7273605168534244,0.9169322559995178,0.5970055715172379,0.9631925373360144,0.7641692102165566,0.5424497098792384,0.6937207287860936,0.96208813303073,0.6610406801084564,0.9537800183630689,0.7544906862670091,0.5430407846514831,57181298862,Left hand
-105.12937927246094,176.71731567382812,23.283281326293945,-0.05018121376633644,0.47651442885398865,-0.8777333498001099,0.9937549829483032,-0.0638761892914772,-0.09149219840765,4.203927516937256,12.652822494506836,5.307345867156982,0.6386530584406185,0.5782328008654593,0.5966968650292221,0.567129720261542,0.6295862370145556,0.5404344101426505,0.5784293718519204,0.7677044082473001,0.5749312522322181,0.638107139714296,0.6326099220955103,0.7428144126496322,0.8897501619746605,0.5801098475545473,0.9687527784761256,0.7512831575499875,0.7374339641229386,0.7296036341292091,0.9176566940607155,0.6019600000073932,0.9615151856151709,0.7573431365750907,0.542566028807729,0.6939865318427796,0.9653629778309495,0.666745264440627,0.9502942090560413,0.7538818537478764,0.5433248737782261,57181307551,Left hand
-105.091796875,176.8270263671875,23.31601905822754,-0.0525023527443409,0.47651469707489014,-0.877597451210022,0.9934096336364746,-0.06474032253026962,-0.09458329528570175,4.339278221130371,12.668931007385254,3.7803375720977783,0.6396624108871611,0.5786570171057022,0.594499909188102,0.5675209192676686,0.6254770168993115,0.5403850014416569,0.5742096295356895,0.7502784160618534,0.5718505948082674,0.630769407161427,0.6346450087518261,0.7456998279198982,0.8898976151672696,0.5832636379520417,0.9671384876469888,0.7458145255840216,0.7421390678316103,0.7319519818992878,0.9183062007295416,0.6064660887689006,0.9597928132146228,0.7514109683167618,0.5426522643543714,0.6947026927575816,0.9680452540613274,0.6723561579526671,0.946980277767464,0.752657435126688,0.5435661903892007,57181316211,Left hand
-105.02920532226562,176.89547729492188,23.360986709594727,-0.05383240804076195,0.47633111476898193,-0.8776165246963501,0.9932041168212891,-0.06528035551309586,-0.09635373950004578,7.160216331481934,7.830339431762695,5.1439971923828125,0.6403684092250662,0.5788995338343386,0.593125646638075,0.5679632930514874,0.6222780083758994,0.5403534724322737,0.5710594312287351,0.73701043632907,0.5696589428123915,0.625396852881284,0.6363118506268749,0.7482749931132495,0.8895353765097573,0.5853750653088117,0.965976284390025,0.7417553678087295,0.7464090674837002,0.7341900545703912,0.9183048942269727,0.6096915358841696,0.9585776644232334,0.7467666498794161,0.5427097787867468,0.6955771472432623,0.9698304086098269,0.6764478371909713,0.9444662492978181,0.7517086725883921,0.5437691502575748,57181324953,Left hand
-104.96769714355469,176.9659423828125,23.390275955200195,-0.054882731288671494,0.4759228825569153,-0.8777729272842407,0.9931408762931824,-0.06487829983234406,-0.09727271646261215,7.189218521118164,8.236078262329102,3.4232988357543945,0.6410636343240947,0.5792367649037123,0.591802047501913,0.5682619328069543,0.6193587821419444,0.5403388465557788,0.5684395704030613,0.7266308559636394,0.567823880824742,0.6216243502380959,0.6377890030302208,0.7510416891388344,0.8884178152850398,0.5866157687006035,0.965165920768385,0.7384068170035971,0.7507116588366339,0.7365707034302175,0.9176796169572432,0.6117893884693897,0.9577033415628161,0.7430422215028002,0.5427537138088877,0.6966666724438261,0.9708986574649142,0.6792974976787571,0.9425715881409678,0.7508423241969701,0.5439628499289281,57181333509,Left hand
-104.90886688232422,177.0321044921875,23.393238067626953,-0.0559225007891655,0.47471457719802856,-0.8783614039421082,0.9931409955024719,-0.06402698904275894,-0.09783384203910828,6.740506172180176,7.580843925476074,0.3393218219280243,0.6415727298314009,0.5793832952884896,0.5907847590727049,0.5686266616478809,0.616886876574437,0.540333907219883,0.567319094948974,0.7217242022470688,0.5670858803311657,0.6197041216885514,0.638758173403293,0.7536861355740774,0.8874785028301836,0.5875315006533415,0.9643006273582678,0.7358341914106238,0.7541315469273575,0.7390623031127197,0.9169021283477896,0.613219205334555,0.9568494058267996,0.7401222466095096,0.5427603560156522,0.6981276543599939,0.9715394730158985,0.6813827460336085,0.940901764795193,0.7500507737946486,0.5441088455484577,57181342236,Left hand
-104.8363265991211,177.06288146972656,23.411712646484375,-0.056532323360443115,0.4733806252479553,-0.8790420293807983,0.9932417273521423,-0.0627245157957077,-0.09765498340129852,8.329808235168457,3.5337822437286377,2.121325731277466,0.6422626373301148,0.5796586839387504,0.5898502642751576,0.5689292393279218,0.6148086428862584,0.540334549807591,0.5666764501204411,0.7191832554136155,0.566699545676048,0.6188276862630863,0.6396771202489889,0.7557797941592214,0.8869436687586019,0.5884099260708116,0.9634775596936733,0.7337936615168594,0.7567978217605211,0.7409322122199633,0.9165695276134476,0.6146087078016359,0.956016183576187,0.7378113704680026,0.5427770949950855,0.6992380540507592,0.9721116748382536,0.6833682863601327,0.9395225315260988,0.7491864919725923,0.544220341495362,57181350945,Left hand
-104.63986206054688,176.9395751953125,23.39316749572754,-0.054219912737607956,0.47210729122161865,-0.8798720836639404,0.9938128590583801,-0.06002666801214218,-0.09344934672117233,22.852935791015625,-14.343558311462402,-2.1572470664978027,0.6427245085172831,0.5798336436750661,0.5889694069345183,0.5685104374801563,0.6157824836564464,0.5403560025807704,0.5680735854613918,0.7086507325017852,0.5665739636062017,0.6088213845758066,0.6385391180851137,0.7564626245479026,0.8853918961419751,0.5856470983423456,0.9640603343783122,0.7366866335331254,0.7542819167624042,0.741591290340644,0.9147931295594243,0.6100663931061214,0.956842560285819,0.7421147216268477,0.5427002864668938,0.7004471731573481,0.9696112220573344,0.6763319508347948,0.9415063570485652,0.752066840473844,0.5441019816643826,57181359542,Left hand
-104.42987823486328,176.7705535888672,23.392257690429688,-0.05191204324364662,0.4709283411502838,-0.8806427121162415,0.9942522048950195,-0.058310795575380325,-0.08979108929634094,24.169031143188477,-19.454374313354492,-0.10464855283498764,0.6432638264725861,0.5801065492752854,0.5886820570045362,0.5681328560922076,0.6174946302955221,0.5403756435360874,0.5696156396268732,0.7034879254331059,0.5675755747755851,0.6028824399660382,0.6384368520930549,0.7566907729544405,0.8841979745198832,0.5834081712205499,0.964670685972149,0.7392150717196564,0.7535286629891057,0.741812917750649,0.9131874242607063,0.6060051456158664,0.9577466484802962,0.7460006031440507,0.5426204531787716,0.7013519317767156,0.966994708004169,0.6704434547831439,0.9437610075020569,0.7536571647235605,0.5439717912170908,57181368230,Left hand
-104.03966522216797,176.82981872558594,23.47821617126465,-0.053080443292856216,0.46572980284690857,-0.8833335638046265,0.9941338300704956,-0.058831192553043365,-0.09075677394866943,10.741415023803711,3.5920326709747314,3.6619043350219727,0.6466517283231634,0.580030569494794,0.5850995340013886,0.5708238759505895,0.6092766860779539,0.5403592804560917,0.568723461296353,0.7149691023578896,0.5686059054384847,0.6124679389535969,0.6430364947764325,0.7593127165057619,0.8875604921680093,0.5898563995830413,0.9610927794594758,0.732161492029663,0.7604620723779267,0.7445894057973849,0.916073180256986,0.6141031334746136,0.9538537151697952,0.7374978047433071,0.5426287587191241,0.703297521313071,0.9701077992496436,0.6811821152174289,0.9389724812402515,0.7475984616136365,0.5440804749881142,57181402910,Left hand
-103.94117736816406,176.80731201171875,23.525833129882812,-0.05316455662250519,0.4643775224685669,-0.8840401768684387,0.9941396117210388,-0.058834999799728394,-0.09069117158651352,9.52941608428955,-2.177345037460327,4.607355117797852,0.6475906186466251,0.5799745229806106,0.5843925043917245,0.571650169242576,0.6073605156432496,0.5403604320282037,0.5692688702987827,0.7190743518107037,0.5694728785364321,0.6146596842077175,0.6442818376098598,0.7592106291100956,0.8887503839206847,0.591188550954974,0.9603749500363117,0.7313388469737597,0.7610353366668837,0.7447069681477158,0.9168970361878153,0.6155862705140425,0.9531461779066293,0.7364091373022712,0.542621580394794,0.703586453157461,0.9706257635961546,0.6831476096676738,0.9382569056753057,0.7465312763315128,0.5440498315234673,57181413245,Left hand
-103.84028625488281,176.78041076660156,23.546886444091797,-0.053035907447338104,0.4632357060909271,-0.8846467137336731,0.9941992163658142,-0.05851422995328903,-0.09024409204721451,14.323838233947754,-3.819373846054077,2.988931179046631,0.6481524604676596,0.579799878559431,0.5840038666454015,0.5723348519479683,0.6060956416906889,0.5403605882510504,0.5700526511696606,0.723538453845092,0.5703594978763951,0.6167733876601083,0.6449522386581812,0.7587027911576512,0.889629937508012,0.591822494562171,0.9600907118362012,0.7313115105425433,0.760722467349298,0.7444307310388528,0.9173376224540126,0.6160509402952278,0.9529744736013032,0.7362934068993507,0.542612669334813,0.7035588183234058,0.9707941915468552,0.6837470817456075,0.9381830638532462,0.7462999664619758,0.5440106860155317,57181420289,Left hand
-103.72007751464844,176.75723266601562,23.592756271362305,-0.052387602627277374,0.46137839555740356,-0.885655403137207,0.9943025708198547,-0.05834502354264259,-0.08920881152153015,13.850497245788574,-2.6719250679016113,5.2850141525268555,0.6488482159813213,0.5795600910969018,0.5835248783278686,0.5732063055431932,0.6045847560608005,0.5403656562477214,0.5710367366171559,0.729130061376375,0.5715101058706223,0.6194551465007276,0.6456917657803392,0.7578808546509304,0.8906989533338481,0.5927303411808315,0.9598602123181834,0.7310637190499037,0.7602745356349612,0.7438546606527813,0.918015519857446,0.6167220441073862,0.9528143973935088,0.7362010485152386,0.5426086979374226,0.7033035642860603,0.9710552781308365,0.6845106915708606,0.9381546771198963,0.7460599604821923,0.5439629294664732,57181428968,Left hand
-103.63228607177734,176.73880004882812,23.62864112854004,-0.051462557166814804,0.4594496786594391,-0.8867116570472717,0.9944236278533936,-0.058263588696718216,-0.08790317177772522,10.175169944763184,-2.1362972259521484,4.15915060043335,0.6496675540439688,0.579324379363366,0.5828080310605793,0.5741362599136277,0.602764291640512,0.5403693626874394,0.5722638279430246,0.7358384555596057,0.5727986215560258,0.622649816017463,0.6464556750229971,0.756547463625679,0.8924310548582199,0.5940952187721672,0.9594796509262664,0.7308575988832798,0.7590808308378116,0.7427964854976027,0.9191766322144408,0.617789254936475,0.9525573319676283,0.7361314845132749,0.5426070232531115,0.7026439785501104,0.971563784705226,0.6856994001813587,0.9380569223534158,0.7457720295270611,0.5439108062509869,57181437596,Left hand
-103.54850769042969,176.69754028320312,23.655500411987305,-0.05044632777571678,0.4578699767589569,-0.887586772441864,0.994545578956604,-0.05820602923631668,-0.08655150234699249,9.63940715789795,-4.746917724609375,3.090532064437866,0.6504421526548114,0.5790396029035803,0.5822720217801726,0.5751648157400683,0.6010322292393186,0.5403710666214934,0.573503908954429,0.742568511719461,0.5740628210814722,0.6258949608254258,0.6471824394710898,0.7551209478260522,0.894189161803197,0.5953170866559094,0.9591257723215698,0.7309315939712193,0.7577022166800573,0.7415381288419507,0.9204963065501955,0.6187923516908693,0.9523084041485035,0.7363960859268582,0.5426154025049809,0.7017954478080247,0.9721689674265266,0.6868900510261541,0.9379689981394834,0.7457024126759181,0.5438627753342757,57181446287,Left hand
-103.45914459228516,176.6806182861328,23.681102752685547,-0.049727242439985275,0.4565573036670685,-0.8883032202720642,0.9946386218070984,-0.058105211704969406,-0.08554398268461227,10.254142761230469,-1.9406933784484863,2.937714099884033,0.6508260189600785,0.5787256475687184,0.5824116686072174,0.5760844625510878,0.6001485954782867,0.5403744357518427,0.5744176135216585,0.7482213393157539,0.5750779970848463,0.62886212753896,0.6475937392163075,0.753746625515554,0.8955478642197221,0.5961885997892535,0.9590068312527174,0.7311178933922433,0.7565321179126507,0.7403719813669977,0.9214878136521191,0.6194546389534352,0.9522687227916439,0.7367524935191093,0.5426201546498112,0.7011129819050547,0.9725163500882832,0.6875999357189244,0.9381088756077929,0.7456666090979238,0.5437971562877038,57181455002,Left hand
-103.39883422851562,176.6748046875,23.707256317138672,-0.04855172336101532,0.45496928691864014,-0.8891825675964355,0.9947155714035034,-0.0586039200425148,-0.08430005609989166,7.003726959228516,-0.6765444874763489,3.037282705307007,0.6512764252942764,0.578410959385172,0.5821826260200083,0.5768704750176377,0.599291369664557,0.5403751720910478,0.5758195586015944,0.7547141051320039,0.5764620869342357,0.6317855032814376,0.6479782145916922,0.7520288853638708,0.8973146033131395,0.5972947065432237,0.9588040190151509,0.7314244221469728,0.7547692025092914,0.738877105586008,0.9228236385003638,0.6203095663864518,0.9521576308904466,0.7372920160500667,0.5426294579312724,0.7001887655517454,0.9730635488537938,0.6885707982361524,0.9381582768139088,0.7457660133987396,0.5437267794307448,57181463613,Left hand
-103.32816314697266,176.65579223632812,23.72203254699707,-0.04749826341867447,0.45373067259788513,-0.889872133731842,0.9947782158851624,-0.05907991901040077,-0.08322163671255112,8.087998390197754,-2.175316333770752,1.690952181816101,0.6516809035810418,0.5781452739519664,0.5820080656553223,0.5775759579899546,0.5985486711121953,0.5403776353045944,0.5770084475446022,0.7616219992965134,0.577685610290438,0.6354209500599701,0.6483366864059752,0.7503698399832938,0.8988108117432362,0.5981348270317963,0.9587482677464024,0.7318508515143186,0.7531797085573902,0.7373870892962638,0.9239747546914554,0.6209390503010171,0.9521924938399753,0.7379287769928914,0.5426425597524769,0.6991963660915007,0.9735420870426201,0.6892661093099943,0.938337667394864,0.7460321887702129,0.5436702036259142,57181472351,Left hand
-103.26667022705078,176.61651611328125,23.750032424926758,-0.0464261956512928,0.45217084884643555,-0.8907222747802734,0.9948503375053406,-0.05949479341506958,-0.08205579966306686,7.118505477905273,-4.545947551727295,3.2415449619293213,0.651882333350726,0.5778411315483755,0.5821975548166899,0.5782589344561707,0.5982400928028849,0.5403756007009626,0.57866009888627,0.7694192771734619,0.5791582901767867,0.6391362852516852,0.64836420942276,0.7486064329707236,0.9003580417042154,0.5990134687696798,0.9587140255662419,0.7322939317316144,0.7510635270154148,0.7358147849248058,0.9252595632700321,0.621662812469876,0.9521699900915838,0.7386323254705416,0.5426550735937758,0.6981111274038436,0.9741924115099736,0.6902009641399217,0.9383450231526987,0.7464049434763386,0.5436206825844664,57181480989,Left hand
-103.19412994384766,176.5867156982422,23.763978958129883,-0.04508759826421738,0.45076555013656616,-0.8915029764175415,0.9949136972427368,-0.06020589545369148,-0.08075913786888123,8.307519912719727,-3.413064956665039,1.5970771312713623,0.6519437719136147,0.5775722679658333,0.582425176169983,0.5787133494518538,0.5983228943101334,0.5403772792842547,0.5797325105036472,0.7770316342649456,0.5802335831004191,0.6436719507672927,0.6483717037175122,0.7468695495071411,0.9015712268615432,0.5995821044833256,0.9588955244946386,0.7328370713136645,0.7493364454911774,0.7341774556547002,0.9263590723606062,0.6220677186856959,0.9523397773025044,0.739546775728138,0.5426762237774801,0.6968632361055863,0.9748274278223669,0.690824391462134,0.9384784233354531,0.7471162254574423,0.5435904960501997,57181489721,Left hand
-103.1260757446289,176.5219268798828,23.777339935302734,-0.04445222020149231,0.4498869478702545,-0.8919785618782043,0.9949727058410645,-0.06026769056916237,-0.07998218387365341,7.9065070152282715,-7.527482032775879,1.5523573160171509,0.6519613543588342,0.577290568502486,0.5825944563691441,0.5792487626590497,0.5979860481888875,0.5403822624618188,0.5803136829994469,0.7826911701734024,0.5808628466231873,0.6474367245898375,0.6483008749802252,0.7455232892272532,0.9025582042958102,0.6001115465450587,0.9590016482084954,0.7331868284067945,0.7481107676332297,0.7329844920185089,0.927126353884663,0.6223782805571967,0.9524805084844994,0.7401385208411383,0.5426866409457917,0.6959517819006283,0.9751773351938297,0.6911242704307813,0.9387181069963302,0.7475449282067039,0.5435675735960784,57181498328,Left hand
-103.03489685058594,176.45223999023438,23.803314208984375,-0.04403939098119736,0.44925326108932495,-0.8923183679580688,0.9950395822525024,-0.06002514809370041,-0.07932979613542557,10.520817756652832,-8.040488243103027,2.9968693256378174,0.6516871946831675,0.5770027998327938,0.5832922855382267,0.5797009557724209,0.5982356607161777,0.5403855265151866,0.5807243740583741,0.7870134072015953,0.581317054580754,0.6504003106322197,0.647997368723797,0.7444609271822163,0.9032405142101022,0.6004391718634664,0.9591501805535251,0.7334859817539849,0.7471431503880411,0.7320217298243378,0.9277104438735947,0.6225663599727416,0.9526423789436897,0.7406957388831279,0.5426993841719719,0.6952875621095763,0.9754225660298068,0.6912817528206852,0.9389409230525675,0.7479490004772457,0.5435360462874891,57181506995,Left hand
-102.9563980102539,176.38331604003906,23.813549041748047,-0.04353433847427368,0.44873476028442383,-0.8926039934158325,0.9951106309890747,-0.05980644002556801,-0.07860004156827927,9.097555160522461,-7.988642692565918,1.1862765550613403,0.6515483792869059,0.5767310242413849,0.5837023915701709,0.5801612835562597,0.5982090886838437,0.5403872100802016,0.5811392735485267,0.7907188692127513,0.5817282567794002,0.6528713496031826,0.6478093064886922,0.7433558258032762,0.9040200133438926,0.6008565608594585,0.9592548417341726,0.7337682664211999,0.7460418551600068,0.7309454096040584,0.9284434445223442,0.622886856281877,0.9527463475105756,0.7412603158300444,0.5427174745240206,0.694492694341601,0.9757950395505133,0.6916797697039769,0.9390606741943103,0.7483403981755585,0.5435103345253549,57181515623,Left hand
-102.89065551757812,176.34384155273438,23.858957290649414,-0.04304128885269165,0.4483417570590973,-0.8928253650665283,0.9952029585838318,-0.059344660490751266,-0.07777725160121918,7.5853190422058105,-4.554389953613281,5.239282131195068,0.6515629011175403,0.576495642566338,0.5838473777077411,0.5806651211611611,0.5978134643610018,0.5403895229887671,0.5817713634275913,0.7946518339364479,0.5823289637255097,0.6552274522263953,0.6477247379721273,0.742076201537233,0.9051000108477887,0.6016133038996423,0.9592509381939995,0.7339068429271609,0.7447206103479687,0.7296229203253592,0.9294857514684268,0.6236390210287834,0.9527355638947593,0.7416234779435688,0.5427422202353039,0.6934314051738659,0.9763900706822547,0.6927222571444347,0.9390233191934806,0.7484473591666033,0.5434948961016809,57181524290,Left hand
-102.79290008544922,176.26942443847656,23.87961769104004,-0.04278293997049332,0.4483480155467987,-0.8928346633911133,0.9952620267868042,-0.05897070840001106,-0.0773039385676384,11.220846176147461,-8.54173469543457,2.371534824371338,0.6514352911526152,0.5761613015662066,0.5840780386189293,0.581197839781256,0.5975425151305509,0.5403890175820832,0.5821919018090874,0.7973546071578551,0.5827480354576184,0.6568803390946468,0.6476081487832359,0.7409007762274595,0.9062257452156893,0.6024346467358662,0.9591477238334027,0.7340100497126935,0.743527030976172,0.7284574388561501,0.9304744705904099,0.6244346598185909,0.9526650348937579,0.7418701862685505,0.5427594977547923,0.6925162557240191,0.9769228978792646,0.6937692333439821,0.9389629643583055,0.7484318729607361,0.5434780294944076,57181533002,Left hand
-102.68246459960938,176.16224670410156,23.92407989501953,-0.042336605489254,0.44799965620040894,-0.8930307626724243,0.9953431487083435,-0.05856311693787575,-0.07656590640544891,12.780560493469238,-12.4039306640625,5.1454596519470215,0.6514744634786265,0.5759703995603084,0.5839371272114193,0.5815415410337068,0.5970526197186303,0.5403815728720616,0.5832195341995101,0.8012836598801876,0.5834480303522019,0.6586632168341184,0.6474892644851966,0.7398741834312379,0.9070245412725364,0.6029009118048158,0.9591854347532925,0.7342587807578378,0.7418669285475471,0.7275033894319662,0.9310579023286727,0.6248218436937419,0.9527945732212996,0.7421324838156281,0.542767477562825,0.6918177810360039,0.9772484160597344,0.6944005324839124,0.9390403551799174,0.7484411380674493,0.5434566653898806,57181541643,Left hand
-102.56937408447266,176.08541870117188,23.95689582824707,-0.04172134771943092,0.44764554500579834,-0.8932372331619263,0.9954370856285095,-0.05816414952278137,-0.07564383745193481,13.018719673156738,-8.844042778015137,3.7774548530578613,0.6517579558743051,0.5758397709969354,0.5835302062154655,0.5819638474267824,0.5961952680643622,0.5403750133440672,0.5847535078619018,0.8077858872415102,0.5843546656630916,0.6619427345465411,0.6473977519838657,0.7387900041284223,0.9075981085248603,0.6029775786743853,0.959418049806593,0.7348210328550064,0.7396374471759337,0.7264355418148255,0.931521891492918,0.6249403214292774,0.9531064784840404,0.7426158750541645,0.5427811756035286,0.6909769296462979,0.977551986452407,0.6947668990627204,0.9392647064632753,0.7487174325085367,0.5434423266682648,57181550330,Left hand
-102.4745101928711,176.00250244140625,24.023141860961914,-0.041227489709854126,0.4470842778682709,-0.8935412168502808,0.9955522418022156,-0.05744091793894768,-0.07467483729124069,10.985607147216797,-9.602787971496582,7.6719231605529785,0.6519568250877209,0.5758496587447385,0.5834868574405643,0.5821970868763049,0.595845084774901,0.5403770499497008,0.5866448806677195,0.8157593476289572,0.5856507243731468,0.666076144353164,0.6471647777201668,0.7375448157313558,0.908255079205999,0.6033019132450683,0.959687553137968,0.7351222323806265,0.7373746582299278,0.7252465609612609,0.9320424951324062,0.6252669945096152,0.9534400970034023,0.7428766345221497,0.5427960415671246,0.6900798797787727,0.977886954157388,0.6954344188428538,0.939484562340028,0.7487167763033817,0.5434198731876351,57181558965,Left hand
-102.39464569091797,175.9149932861328,24.09242820739746,-0.040905993431806564,0.4463271498680115,-0.893934428691864,0.995708703994751,-0.05612168461084366,-0.07358378916978836,9.136109352111816,-10.010486602783203,7.9255218505859375,0.6523589678091212,0.575833354084618,0.583367989323693,0.5826348575311784,0.5953122671435793,0.5403821921677252,0.5890120095946021,0.825239790083636,0.5873379455493912,0.6709951512814115,0.6471505192560558,0.73605233497085,0.9094840296266584,0.6043599384269159,0.9596944633492006,0.7350376848220067,0.7347409337870411,0.723870583412018,0.9329123028688606,0.6261542855777074,0.9535844045119022,0.7428284575365992,0.5428073954244205,0.6890539084752064,0.9782979677904668,0.6965300304693997,0.9396575209435696,0.7483670554910948,0.5433882926382886,57181567707,Left hand
-102.30803680419922,175.85227966308594,24.15392303466797,-0.04080306366086006,0.4458237886428833,-0.8941903114318848,0.9958555698394775,-0.054657455533742905,-0.07269319891929626,9.927017211914062,-7.188215255737305,7.048928737640381,0.6526368826135811,0.5757892245399251,0.5832929675988728,0.583012635687447,0.5948630075760228,0.5403928819213883,0.5914833807366374,0.8343859582165373,0.5891379114987891,0.675669949906422,0.6470081703944075,0.7347779497876723,0.9107556208370834,0.6055419886459307,0.959537433790587,0.7348428488638511,0.7324017191388656,0.7226951179180404,0.9337385506366164,0.6271237044858297,0.953625592599899,0.7426128517387525,0.5428153583728901,0.6881404801771239,0.9787218081795106,0.6977647121116954,0.9397004424533472,0.7478871746509094,0.5433687878471458,57181576431,Left hand
-102.20240783691406,175.76512145996094,24.233243942260742,-0.04069097712635994,0.44539758563041687,-0.8944077491760254,0.9959827661514282,-0.05338095501065254,-0.07189478725194931,12.327048301696777,-10.170524597167969,9.256932258605957,0.6530269639264311,0.5757941322848921,0.5833253371583036,0.583565467975308,0.5941944865738742,0.5404120654146523,0.5941360945897526,0.8435350889849257,0.5908775854332353,0.680298046956846,0.6469301105988045,0.7335124144768249,0.9119095116714157,0.6064943552189878,0.9594552827338523,0.734855914875565,0.7296929734362148,0.721547296100058,0.9345374448013037,0.6279647031132802,0.9536830882970665,0.7425657680935897,0.5428257479012732,0.6873078961729041,0.9791623892797825,0.6989388564130602,0.9396836997443561,0.7475707740548957,0.5433415952181331,57181585000,Left hand
-102.10987854003906,175.6830596923828,24.305118560791016,-0.040500130504369736,0.4452723264694214,-0.8944787979125977,0.9960924386978149,-0.052324358373880386,-0.0711480975151062,10.675311088562012,-9.467246055603027,8.29175853729248,0.6535198786271579,0.5757385351949584,0.5828995328478258,0.5842592151772585,0.5927789356414227,0.5404342489293313,0.5964227677646631,0.852378186351058,0.5924968759492322,0.6854109632930099,0.6469612046677996,0.7327424910883295,0.9126278823844194,0.6071420567312643,0.9593908157800616,0.7347913293620262,0.7279732786085051,0.7207425342848316,0.9350511149143881,0.6285961676175766,0.9537481696862155,0.7423960319068889,0.5428339478552464,0.6865450389445371,0.9794662789731851,0.6996889369166486,0.9397498326972927,0.7473599287477405,0.5433475678625476,57181593668,Left hand
-102.02293395996094,175.60972595214844,24.373411178588867,-0.04014905169606209,0.44489583373069763,-0.8946819305419922,0.9962207674980164,-0.0511971190571785,-0.0701642706990242,9.965072631835938,-8.406109809875488,7.827268600463867,0.6540519998475866,0.5756551583106305,0.5825590908629883,0.5850522740848533,0.5914446480139768,0.5404655468261748,0.5992591964889263,0.8616261017499154,0.5944276226802601,0.690367385748147,0.6470354066669362,0.7316781720206551,0.9136605413609429,0.6080415159189564,0.9592703335981496,0.7347547125766297,0.72560227172104,0.7196686870207462,0.9359097623227888,0.6296154272456431,0.9537027991662061,0.742214349757143,0.5428449596719567,0.6855598230916037,0.9800433993058307,0.7011697549001793,0.9395887933741596,0.7470122937411584,0.5433567356780228,57181602393,Left hand
-101.9547119140625,175.57608032226562,24.43858528137207,-0.040339045226573944,0.44465214014053345,-0.8947945237159729,0.9963057041168213,-0.050048694014549255,-0.06978616863489151,7.686275005340576,-3.791032075881958,7.343564510345459,0.6547149389427261,0.5755230291520149,0.582034576270948,0.5860363955164953,0.5897505158152226,0.540512248006601,0.6025675099958306,0.8719448688561773,0.5966299117515096,0.6960474419476421,0.6471418867241115,0.7305460778854176,0.9149324719058105,0.6092415733265413,0.9590127048095728,0.7346019390913381,0.7229357299526484,0.7185856450746183,0.9369242543621283,0.6309421727802464,0.9535075013430961,0.7418296640553392,0.5428516960574469,0.6845899867932529,0.9806759788406386,0.7029449682877955,0.9392978550802635,0.7464769787597839,0.5433607873113017,57181611268,Left hand
-101.87549591064453,175.51141357421875,24.5175724029541,-0.04064084216952324,0.4448360502719879,-0.8946894407272339,0.9963230490684509,-0.049550365656614304,-0.0698937475681305,9.299745559692383,-7.590991973876953,9.273097038269043,0.6551457882090668,0.5753443523640424,0.5817183491042481,0.5868942942913288,0.5884808103028798,0.5405513742397774,0.6055211363053847,0.8812679225517606,0.598748605305096,0.7015810458393783,0.6471951043196719,0.7294715206925437,0.9161488586029037,0.6104809289682298,0.9587558892489858,0.7343453586435047,0.7207705323265046,0.7177447564531266,0.9377322483279217,0.6322343445124505,0.9533241178675557,0.7412081227596614,0.5428450505325776,0.6838778587827219,0.9811441167720963,0.7045334577998372,0.9390498719599478,0.7457695692416292,0.5433544690319111,57181619786,Left hand
-101.80097961425781,175.47940063476562,24.55870246887207,-0.04043561965227127,0.44475314021110535,-0.8947399854660034,0.9963433742523193,-0.049505848437547684,-0.06963547319173813,8.668863296508789,-3.7236573696136475,4.784668922424316,0.6553769130447739,0.5752246155855429,0.5816782402287765,0.5874146655131416,0.5879794697606315,0.5405934586735353,0.6086869376028272,0.89031701983872,0.6010803580045406,0.7068920221846532,0.6470658000629661,0.7282876205799615,0.9175891220830816,0.6120452192195763,0.9583922463887374,0.7339351980852319,0.7185585650198986,0.7168912591780054,0.9386909487189058,0.6337385140538506,0.9530179958323635,0.7405520932143959,0.5428407897840342,0.6831735869404235,0.9817157053714068,0.7064872993735426,0.9386576624622218,0.7449740275951178,0.5433545243880888,57181628382,Left hand
-101.71519470214844,175.41184997558594,24.637678146362305,-0.04045837000012398,0.4452578127384186,-0.8944879174232483,0.9963476061820984,-0.049394652247428894,-0.0696532130241394,9.911174774169922,-7.80480432510376,9.12381649017334,0.6555459894650977,0.5751062231577585,0.5816850291914153,0.587931210092366,0.5874585116749176,0.540622367221239,0.6108755070625219,0.8973110212968364,0.6027212590833853,0.7116207101310031,0.6470183989402473,0.7271964202132423,0.9189643135549898,0.6135160485561961,0.9580131050760144,0.7336038409404527,0.7168133958519328,0.7161289988306772,0.9395014734928316,0.6350976926381288,0.9527804145797993,0.7398998876639012,0.5428372701088487,0.6825473538580389,0.9821723930013427,0.7080781833832333,0.9383772481172702,0.7443138064384661,0.5433507048610093,57181637038,Left hand
-101.64569091796875,175.36289978027344,24.702302932739258,-0.04008482024073601,0.44513049721717834,-0.8945680856704712,0.9964303970336914,-0.04876044765114784,-0.06891202181577682,7.861376762390137,-5.536251068115234,7.3096842765808105,0.655883601683713,0.5750267664449722,0.581563897400205,0.5884313627603731,0.5869533231516854,0.5406614336999678,0.6136465813546149,0.9050495120352573,0.6047578700490769,0.7166702395056493,0.6471700235679478,0.7258591016301562,0.9204935773357901,0.6152613819245394,0.9576604343168077,0.733120740844256,0.714580078477307,0.7150916204578353,0.9404411789149262,0.6366461102886336,0.9526032067011001,0.7392007858859092,0.5428337624522167,0.681720411719742,0.9826921256865411,0.7100073663920335,0.9381653922455884,0.7434782667728974,0.543342767472449,57181645879,Left hand
-101.58905792236328,175.29852294921875,24.74860954284668,-0.03997243195772171,0.4452170729637146,-0.8945299983024597,0.9965149760246277,-0.047833401709795,-0.0683368593454361,6.6330952644348145,-7.539523601531982,5.423671245574951,0.6561261562969852,0.5750132543141273,0.5815992751957408,0.5887120404315824,0.5868533372758794,0.5406834891486647,0.6159255493104138,0.9115506159149771,0.6066198522371554,0.7212548891380647,0.647254616482896,0.7249231483610002,0.9217123100986531,0.6167297631558936,0.9572931602154956,0.7326586768030418,0.7132231537379566,0.7143213332017668,0.9411596647769425,0.637931989680011,0.9524337239808566,0.7385294622515088,0.5428294183823753,0.6810156403070425,0.9831038866037991,0.711634893450219,0.9380003446525209,0.7426903296515214,0.5433514021181681,57181654417,Left hand
-101.54048919677734,175.26199340820312,24.789411544799805,-0.04000312462449074,0.44497188925743103,-0.8946506381034851,0.9965965747833252,-0.04681837558746338,-0.06784753501415253,5.6251702308654785,-4.232580661773682,4.725593566894531,0.6561866578343071,0.5750321278080104,0.5820689468721216,0.588848268960044,0.5874119486134631,0.5407331932188286,0.6186342554268002,0.9180019359513486,0.6085171919203326,0.7254740108731178,0.6470464062108263,0.7240122857766429,0.9229062114715326,0.6180654615913125,0.9569244575784706,0.7323712751438681,0.7113576935687527,0.713584436736373,0.9419073002997675,0.639084422054902,0.9522153901618398,0.7380916570247805,0.5428232598347934,0.6803716922580216,0.9835405364290938,0.7132255612349943,0.9377330377175738,0.7420356551971344,0.5433552660559922,57181663051,Left hand
-101.49214172363281,175.18014526367188,24.840585708618164,-0.03971170634031296,0.44437697529792786,-0.8949592709541321,0.9967089891433716,-0.045729152858257294,-0.06693265587091446,5.553957462310791,-9.401603698730469,5.878814697265625,0.6564821991121959,0.5751033673761026,0.5822918892853245,0.5890627425830346,0.5876216554879478,0.5407956714905944,0.6215228922785154,0.9249695844685909,0.6104720273894447,0.7304304782859511,0.6469847504951239,0.7230576729016103,0.9240144069703499,0.6192647663529777,0.9566451997403286,0.732179639101921,0.7093315933624835,0.7126959897040549,0.9427276197709825,0.6401626599387876,0.9520381718905946,0.737884632452968,0.5428296625998931,0.6795719209636676,0.9840725298104254,0.7148398524289881,0.9374147968519346,0.7416373776267963,0.5433683033309115,57181671756,Left hand
-101.43257141113281,175.07078552246094,24.881685256958008,-0.03945982828736305,0.4440445005893707,-0.8951354026794434,0.9967740774154663,-0.04516465589404106,-0.06634487956762314,6.895040988922119,-12.659332275390625,4.757366180419922,0.6565492305025118,0.5751926591343378,0.582675441616244,0.5889979482285259,0.5882771414847102,0.5408109069612868,0.623282433080864,0.9301303872859479,0.611966702912599,0.7348650447592469,0.6469068006483751,0.7223381436928045,0.9249356392589834,0.6204547761905973,0.956365228082609,0.7317805874442009,0.7084103215016319,0.7119862897551958,0.943415304231773,0.6411376823538767,0.9518531841205796,0.7376175160004212,0.5428397623373289,0.6788781560929718,0.9845083822931978,0.7161997314778337,0.9371459245406457,0.741266537185127,0.5433872393452194,57181680395,Left hand
-101.39199829101562,174.97427368164062,24.915735244750977,-0.039152394980192184,0.44365909695625305,-0.8953399658203125,0.9968626499176025,-0.044342197477817535,-0.0655643418431282,4.6948676109313965,-11.166709899902344,3.93967866897583,0.656754378267227,0.5753626703512822,0.5829357792311555,0.5889085190561647,0.5887729952476719,0.5408259329359032,0.6252213494154881,0.934783533328295,0.6136402299143187,0.738608613887478,0.6469361816385252,0.7216863367417408,0.9258691115998177,0.6217995832365242,0.9560264555350205,0.7312055536632062,0.707587642412482,0.7112899995748384,0.9442603172195274,0.6424505341319724,0.951523552905754,0.7371889001978197,0.5428546738949698,0.6781421425748408,0.9850618349863655,0.717982182014659,0.9366954134795615,0.740785486588459,0.5434194985057195,57181689038,Left hand
-101.33601379394531,174.86251831054688,24.938081741333008,-0.03897382691502571,0.44352850317955017,-0.8954125046730042,0.9969208836555481,-0.043759725987911224,-0.06506778299808502,6.367367744445801,-12.710872650146484,2.541712522506714,0.656852504269838,0.5755273211288603,0.5833259384462938,0.5887308364838022,0.5895192511957786,0.5408515617049386,0.6269301701281266,0.9388770478393329,0.6149722083237339,0.7420787318058262,0.6468187732537122,0.7210370343662449,0.9267359176628134,0.622889023769867,0.9557352586515042,0.7308953019721001,0.7065946097161551,0.7106849600872011,0.9449268160589764,0.6434516162294021,0.9512921987928362,0.7369004154464223,0.5428632613728906,0.6774943485725082,0.9855077202034925,0.7192969889219958,0.9363508969999143,0.7405479707711944,0.5434470429566366,57181697830,Left hand
-101.29997253417969,174.8063201904297,24.986297607421875,-0.03899405896663666,0.44333401322364807,-0.8955079317092896,0.9969714283943176,-0.04308614507317543,-0.06474260240793228,4.183408737182617,-6.521098613739014,5.595998764038086,0.6566321634957487,0.5757262463925024,0.5840833465835482,0.5882611443603342,0.5908878309331412,0.5408671843050202,0.6282680522472964,0.9417674272479128,0.6160904970462309,0.7444742770249304,0.6463795843447504,0.7205850280842017,0.9274365614127518,0.6238903224730816,0.9554520269181142,0.7304982342281712,0.7060012111544531,0.7101660604483421,0.9455655742233786,0.6444613830692835,0.9510263630393077,0.736569795518529,0.5428753390326873,0.6768456410070478,0.9859690296860486,0.7206580299040399,0.935950399118437,0.7403130753574213,0.5434881160459369,57181706446,Left hand
-101.2687759399414,174.75436401367188,25.0113582611084,-0.03896651044487953,0.4429234266281128,-0.8957122564315796,0.9970374703407288,-0.04225638136267662,-0.06426998227834702,3.6112310886383057,-6.014341354370117,2.900958776473999,0.6564292014530884,0.5759128390774428,0.5849460802867475,0.5879414503708508,0.5921502041420348,0.5408955152748042,0.6297344602815781,0.9447470093668316,0.6171701383083487,0.7469337223859385,0.6459501604019676,0.72007253809395,0.9280990757722994,0.624676758684315,0.9552341229414787,0.7303379788438197,0.705120463334014,0.7096661568392764,0.946153582311676,0.6452295334126832,0.9508055710968762,0.7364930723989662,0.542883652187858,0.6762944439322652,0.9863620595585464,0.721694353833644,0.9356130431415421,0.7402817728645705,0.5435136145114148,57181715085,Left hand
-101.23795318603516,174.69793701171875,25.04917335510254,-0.0387931652367115,0.44252702593803406,-0.895915687084198,0.9971225261688232,-0.041294652968645096,-0.06357242912054062,3.511579751968384,-6.43071174621582,4.308836460113525,0.6563181156728252,0.5762012174324104,0.5858301061743112,0.5875338969401336,0.593498798849622,0.5409431014018558,0.6312654142514453,0.9480174302577248,0.6180887878237787,0.7498651938675355,0.6455859689975342,0.7196471246078906,0.9285861638218931,0.625136875744769,0.955102595600994,0.7303768268730891,0.7040126939128781,0.7092399162473094,0.9465311096331276,0.6456338371311429,0.9507369481493979,0.7365621082075064,0.542888980706189,0.6758212256053947,0.9866349767141058,0.72229434117808,0.935446738849111,0.7404017696446513,0.5435346935558286,57181723861,Left hand
-101.2000503540039,174.62460327148438,25.072345733642578,-0.03882201015949249,0.4421907961368561,-0.8960804343223572,0.997202455997467,-0.04017936810851097,-0.06303045153617859,4.3907670974731445,-8.49452018737793,2.6841726303100586,0.6561850998286797,0.5764422943316547,0.5866362395554188,0.5872054103435118,0.5946296813166465,0.5410064997023638,0.6331240191028017,0.9514797025694047,0.6191658223984587,0.752829819387334,0.6451353977961968,0.7195962298724364,0.9286907463689421,0.6252251492644362,0.9550474092578519,0.7303971731578747,0.7030905203084468,0.7091287937332248,0.9466021415840691,0.6456874822110449,0.9507450701833617,0.736604511326418,0.5428899214372559,0.6755659549190093,0.9867709030841411,0.7225104619457637,0.9353535629199194,0.7405359109245447,0.5435616466818916,57181732494,Left hand
-101.14677429199219,174.546875,25.124500274658203,-0.03864828869700432,0.44177693128585815,-0.8962920904159546,0.9972850680351257,-0.039210930466651917,-0.06232995539903641,6.157139301300049,-8.982888221740723,6.027454853057861,0.6562306806017171,0.5766744928995444,0.587241061787377,0.5870329193987499,0.5954108133218387,0.541072758254591,0.6355855772581195,0.9556684554760917,0.6208063958654064,0.7564074522137667,0.6448369505215112,0.7192466549043907,0.9291149333756185,0.6256581153713145,0.9549169631526886,0.7303902510994523,0.7018966108655915,0.7087557302625532,0.9469699024154101,0.6461703909643962,0.950656955449684,0.7365739843685315,0.5428983030539768,0.6751549316174508,0.9870166884497917,0.7233152097101913,0.9352169387542639,0.7403837895177174,0.5435865552648761,57181741147,Left hand
-101.09434509277344,174.46524047851562,25.196876525878906,-0.038739800453186035,0.44183778762817383,-0.8962581157684326,0.9973369240760803,-0.03836847096681595,-0.06202373281121254,6.074847221374512,-9.459061622619629,8.386541366577148,0.6561150663115028,0.576950063911379,0.5880344324161384,0.5866941549433674,0.5964622417477178,0.5411287648681085,0.6374134743849199,0.9592978913663573,0.6219929495472264,0.7601525564031301,0.644379409955165,0.7189471559891245,0.9292575680735907,0.6256565962917018,0.9549909421074195,0.7305818280528679,0.7009539622256279,0.7083677937761342,0.9471558900305473,0.6463118946441346,0.9507358037776448,0.7366696361295043,0.5429085430742203,0.6746594489048564,0.9872144417416298,0.7238071019090639,0.9352066653449452,0.7404089291413031,0.5436190900505139,57181749777,Left hand
-101.03770446777344,174.3628387451172,25.258394241333008,-0.038995880633592606,0.4417605400085449,-0.8962850570678711,0.997389018535614,-0.03735331445932388,-0.06180542707443237,6.546442031860352,-11.836200714111328,7.110156536102295,0.6562627239486855,0.5772226825595921,0.5883941718286791,0.5865359827962259,0.5968636661298435,0.5412026893384256,0.6397781951392429,0.9627767030485899,0.6235054221078431,0.7632237257944784,0.6442117354050652,0.7185775790291669,0.9297079228999809,0.6260599716483137,0.9548534949380536,0.7306548713781089,0.6997025872175224,0.7080077137177693,0.9474745492018989,0.6467764987360666,0.95066738962568,0.736568070181479,0.5429126098995919,0.6742722118871822,0.9874123114500456,0.724636624744957,0.9351301172265611,0.7400932575767396,0.5436395044651028,57181758429,Left hand
-100.975830078125,174.2519989013672,25.28883934020996,-0.03937375172972679,0.44196224212646484,-0.896169126033783,0.9974541068077087,-0.0359809435904026,-0.06156843155622482,7.10082483291626,-12.719893455505371,3.493753433227539,0.6567241251306785,0.5774592974737452,0.5885066966570978,0.5868149007022667,0.5964903404066917,0.5412745031093146,0.6421558884362677,0.9661773751820585,0.6250741757954726,0.7664254990586538,0.6443723561129907,0.7179722022937661,0.9302756354534581,0.6265012007304718,0.9547667542537559,0.7308351719162919,0.6982891651171839,0.7074679679351957,0.947802020087495,0.6472333960897984,0.95070579224797,0.7364784436606999,0.5429145775475596,0.6737429553279115,0.9875526185992284,0.7253308114095824,0.9352826632299822,0.7397356121168893,0.5436548742566217,57181767143,Left hand
-100.94194030761719,174.23439025878906,25.367658615112305,-0.03966765105724335,0.44236114621162415,-0.8959593176841736,0.9975014328956604,-0.034927982836961746,-0.061408281326293945,3.901531457901001,-2.0262253284454346,9.0733003616333,0.6567800549923181,0.5777111530403974,0.5890463639154442,0.5867695196861817,0.596796293837269,0.5412797746108159,0.6432206053259778,0.9681400321473541,0.6260474319147455,0.7687991323663413,0.644257301538781,0.7176212898296213,0.9305574936636888,0.626882965014973,0.9547588386803074,0.7307230882441218,0.6979501642473565,0.7070704696460709,0.948016120854339,0.6476549910823789,0.950745242394159,0.736248383497867,0.5429208961857798,0.673303272521209,0.9876311315544396,0.7259306630427713,0.9354435614365542,0.7392619665257124,0.5436677496433846,57181775830,Left hand
-100.9064712524414,174.18296813964844,25.444995880126953,-0.039681434631347656,0.442814439535141,-0.8957347869873047,0.997524619102478,-0.03452510014176369,-0.06125855818390846,4.051896095275879,-5.8753485679626465,8.835525512695312,0.6569274438926689,0.5779999934327538,0.5894266008334231,0.5866223998578446,0.597151396385927,0.5412857332334963,0.6439332734683123,0.9698560038190677,0.6266743520775901,0.7712308689842793,0.6443119279668169,0.7171742916263827,0.9307730643690879,0.6270407673948306,0.9548671719779377,0.730810674411777,0.6974715148452558,0.7066272033890622,0.9481975022139274,0.6479470578484412,0.9508551584551139,0.7361389569369868,0.5429279744649104,0.6728831596512642,0.9876987853254826,0.7264338817197792,0.9356480911656327,0.7388934602696381,0.5436742459359465,57181784583,Left hand
-100.88001251220703,174.17227172851562,25.525161743164062,-0.03981444612145424,0.4436199367046356,-0.8953301906585693,0.9975112676620483,-0.0345352366566658,-0.061469923704862595,3.008936882019043,-1.2155988216400146,9.117044448852539,0.6569063184575532,0.5782875348480896,0.5898302371762889,0.586272922253637,0.5977240602261734,0.5412322311766856,0.6430501978292226,0.9695575416613128,0.6263791310920884,0.7717444410775596,0.6443224623144429,0.7170163345328628,0.9308003602781322,0.6271355705050223,0.9549500078885504,0.7307324723783982,0.6980137895385095,0.7063644718517128,0.9483308109398764,0.6482244623502622,0.9508843794164198,0.7359710420602881,0.5429411516079564,0.6725498295945004,0.9877722339745939,0.7269197724105185,0.9357513469610915,0.7385562794301657,0.5436919474916662,57181793376,Left hand
-100.86233520507812,174.1450958251953,25.595317840576172,-0.040072064846754074,0.44422686100006104,-0.8950177431106567,0.9975205063819885,-0.03407834842801094,-0.06157556548714638,2.083702564239502,-3.203401803970337,8.268280029296875,0.6567985800016959,0.5786416108613519,0.5903868613641312,0.585866709984259,0.5983104254146211,0.541196338921931,0.642409699145873,0.9689339151753563,0.62614569497705,0.7713337761826107,0.644234672039269,0.7169976949708711,0.9305974868233635,0.6270053047905249,0.9551336449095627,0.7306350242396775,0.6984761260197883,0.7063182759727906,0.9482983424833777,0.6483074622217234,0.9509469174391257,0.735817029273592,0.5429479061725817,0.6724583106962241,0.9877876916767998,0.7272178269840058,0.9358027576309405,0.7382779545547596,0.5437004851570995,57181801861,Left hand
-100.85728454589844,174.13824462890625,25.662954330444336,-0.040560513734817505,0.4450361132621765,-0.8945935964584351,0.9975045919418335,-0.033746387809515,-0.062014371156692505,0.5839468240737915,-0.7922559976577759,7.826503753662109,0.6568070336759236,0.5789051194621392,0.5906842817118357,0.5855790296012336,0.5986938788565401,0.5411547281026978,0.6410610080820366,0.9677182448618356,0.6252861284719011,0.7706837234449252,0.6444204667568627,0.7170201910345403,0.9305418915164182,0.6269095356171265,0.955168313343022,0.7306885178999994,0.6989885953160553,0.7063819640581905,0.9482340150433002,0.648283021469601,0.9509606591574461,0.735741864482844,0.5429447788686723,0.672502517687721,0.9877311328311754,0.7272893962464001,0.9358946855867155,0.738034449842151,0.5437024502869257,57181810503,Left hand
-100.82412719726562,174.12892150878906,25.72841453552246,-0.04103827476501465,0.4456678032875061,-0.8942572474479675,0.9974740147590637,-0.03366069868206978,-0.06255034357309341,3.8334553241729736,-1.078778862953186,7.568556308746338,0.6566134590271391,0.5791640162289148,0.5911551584668233,0.5850296768521361,0.5996595545064474,0.5411128559323728,0.6391230252115304,0.9655132914300362,0.6238836245515723,0.768991155662083,0.6444119278709379,0.7173774734604768,0.930220397955926,0.6264990338468397,0.955211554846231,0.7307970330741159,0.6998423164246984,0.7067674852993596,0.9478493944518599,0.6477830977257227,0.9510546376285424,0.7357492340871994,0.5429302893202456,0.6728103247097221,0.9875081451336131,0.7266075537719088,0.9360802272688963,0.7380823028908695,0.543696870191489,57181819152,Left hand
-100.81180572509766,174.12330627441406,25.799909591674805,-0.04165764898061752,0.44660043716430664,-0.8937631845474243,0.9974029064178467,-0.034015629440546036,-0.06348533183336258,1.3305498361587524,-0.6057823896408081,7.716538429260254,0.6564229256199428,0.5794151171244525,0.5917787481897054,0.5845269133764344,0.6008037680561245,0.5410500098073097,0.6364721333682126,0.9617407415371164,0.622025024242243,0.7655638505326249,0.6445430078410104,0.7176558332520605,0.93007198713004,0.6264171730895478,0.9551625794157954,0.7307132206310026,0.7008885391020863,0.7070479297752217,0.9477114104846527,0.6477444194610303,0.9509827172486125,0.7355678206227625,0.5429241273599686,0.6730673389833417,0.9873637596666175,0.7264640934361454,0.9361419101927176,0.7377913654246747,0.5436847774488069,57181828417,Left hand
-100.79291534423828,174.1363525390625,25.897340774536133,-0.042302899062633514,0.4475814700126648,-0.8932420015335083,0.9973291158676147,-0.03436228632926941,-0.06445043534040451,2.307715654373169,1.5947906970977783,11.903736114501953,0.6561506650764715,0.579610307237063,0.5925257942734734,0.5840807074838589,0.6020188496530756,0.5410130435787487,0.634225674435688,0.9578858792575725,0.6202903698835976,0.7618131084600168,0.6444952448807443,0.7179613527893545,0.929846456747259,0.6261458363555971,0.9551587395058379,0.7307711517893235,0.7016443189503235,0.7073322025682458,0.9476126700402041,0.6476296099315957,0.950883094958184,0.7355593095067404,0.5429203468515774,0.6734069346081585,0.9872511991041208,0.7262636358426482,0.936098360940429,0.737688682311054,0.5436598508044388,57181836602,Left hand
-100.79113006591797,174.16749572753906,25.980304718017578,-0.042767468839883804,0.4484192728996277,-0.8927996158599854,0.9972516298294067,-0.0349527932703495,-0.06532645970582962,0.2069980949163437,3.6175215244293213,9.637991905212402,0.6557276103215606,0.5797292293060186,0.5933996630232633,0.5835985114772327,0.6034845998274823,0.5409660384314445,0.6318995101094268,0.9539894325870479,0.6185920034973115,0.758391115819254,0.6443583484406971,0.7182374699107636,0.9296807970695697,0.625884970683651,0.9551233470332715,0.7308945565294813,0.7025232242721872,0.7076753500599435,0.9475040055610074,0.6474408457026682,0.9507600493046809,0.7356380904659301,0.542912997953777,0.6738626242899468,0.987107630322696,0.7259421719901084,0.936049592476133,0.7376513599301908,0.5436255418147978,57181845210,Left hand
-100.78055572509766,174.1896514892578,26.070043563842773,-0.043719638139009476,0.4493677020072937,-0.8922764658927917,0.9971334934234619,-0.035578276962041855,-0.06677532196044922,1.223096489906311,2.5614497661590576,10.378071784973145,0.6550531032081537,0.5798455805887325,0.5944819369885974,0.5829422897844992,0.6052428254752641,0.5409644236765574,0.6302131240194819,0.9503124840999979,0.6170144895733538,0.7547494521880037,0.6437464172712516,0.7187849895453104,0.9293899384279607,0.625478070409295,0.9550177467324416,0.7310407443620407,0.7030457765310116,0.7083259769093888,0.9472178921678439,0.6470989594438059,0.9505979021515357,0.7356376302463427,0.542896748634154,0.6745897888717247,0.9869087856767883,0.7254153683070926,0.9358630817050738,0.7376730533923771,0.5435841381433791,57181853857,Left hand
-100.75894927978516,174.19215393066406,26.173330307006836,-0.044376175850629807,0.4498526155948639,-0.8919996619224548,0.9970495700836182,-0.03603559359908104,-0.06777575612068176,2.500791549682617,0.2902599275112152,11.954504013061523,0.6544893586597835,0.5799979981850893,0.595467916389965,0.5822770731288988,0.6069818482638825,0.5410286603091194,0.6297643443483383,0.9481335032690522,0.6159055261617625,0.7519733787420152,0.6429536459679961,0.7192036192966721,0.9292444514548133,0.6250763922286549,0.954873357790221,0.7313727033620812,0.7025180665730333,0.7088313616647691,0.9470943361938915,0.6467978667736269,0.9503830499698422,0.7358422007005642,0.5428864011219908,0.6752425917917467,0.9868183661339339,0.7250995354702284,0.9355378968660532,0.7378109240548728,0.5435407718859352,57181862497,Left hand
-100.72352600097656,174.19754028320312,26.255781173706055,-0.044590555131435394,0.4500572085380554,-0.8918857574462891,0.9970066547393799,-0.03639701008796692,-0.06821256875991821,4.082303047180176,0.6202011108398438,9.501091003417969,0.6541629237409268,0.5802078639475984,0.5961749207335076,0.5817034968007779,0.6083367920235371,0.5411566312683844,0.6302586458867858,0.9480767599684481,0.6151480688200095,0.7512480286008383,0.6420221949266931,0.7197888984013643,0.9286785736258492,0.6238912955699458,0.9549722736026981,0.7321787886692218,0.7014819134800253,0.7093300893630844,0.946777002829325,0.6459370534983637,0.950347230558765,0.7364342040751497,0.5428781508333069,0.6756718130626213,0.9867640626142193,0.7242834714537987,0.9352515599008506,0.7385389253928003,0.5435351457751593,57181871175,Left hand
-100.71463012695312,174.2227020263672,26.336050033569336,-0.04479522258043289,0.45034703612327576,-0.8917291760444641,0.9969529509544373,-0.03690854087471962,-0.06872084736824036,1.023227334022522,2.8944621086120605,9.231644630432129,0.6537846279992854,0.5804515059578,0.5970361610408068,0.581051060377543,0.609950666131857,0.5413075905079299,0.631325801903122,0.9491324666995881,0.6148421197377997,0.751492143741459,0.6409287563314229,0.7202166435839406,0.9281424322560268,0.6227472060357244,0.9551471454264289,0.7329845104391916,0.7002048959186481,0.7097282067419544,0.9464145484273493,0.644995633918251,0.9504149215564365,0.737049313578847,0.5428742622675814,0.6760776042915413,0.9866305978635614,0.723285499161213,0.9351255235018379,0.7392143059614501,0.5435165969150165,57181879870,Left hand
-100.68667602539062,174.20233154296875,26.41267967224121,-0.04487411305308342,0.45025941729545593,-0.8917694687843323,0.996936559677124,-0.03705913946032524,-0.06887752562761307,3.2024450302124023,-2.33394718170166,8.779633522033691,0.6532676217821067,0.580752776238764,0.5983338464929144,0.5802912192516699,0.6120897622377762,0.5414568174393447,0.6326153541330524,0.9507369983071272,0.6148283873285955,0.7523203218252137,0.6398465453019263,0.7206529255561926,0.9277002716727596,0.6219112087101883,0.9552341174676261,0.7335098645601983,0.6990368167797494,0.7101529449690156,0.9461553934117133,0.6443607299969336,0.9503963054209315,0.7374871954423275,0.5428726632384876,0.6765898495883164,0.9865365493837621,0.7226840094454704,0.9349214828315723,0.7396514794221825,0.5434896990772056,57181888598,Left hand
-100.64659118652344,174.1844024658203,26.485313415527344,-0.04467331990599632,0.4497508406639099,-0.8920361399650574,0.9969571828842163,-0.03702689707279205,-0.06859616935253143,4.653642177581787,-2.0810012817382812,8.43207836151123,0.6529174569041438,0.5811076192052165,0.5994193609504592,0.5795342937662793,0.6140880711510383,0.5416582436238596,0.634136004283606,0.953029664285612,0.6147370061139734,0.7539935379568573,0.6387268110620986,0.7210635532004223,0.9271653748978138,0.6209535686707466,0.9554129051202246,0.7340836500748655,0.6974948778016451,0.7104848635918777,0.9458997639805131,0.6436100338535058,0.9504303346026634,0.7380694177416112,0.5428760705231275,0.6769572113373007,0.9864708568222823,0.7219091849336707,0.9347526463915116,0.7403412686417423,0.5434759457927723,57181897212,Left hand
-100.60690307617188,174.13677978515625,26.5548095703125,-0.0444817841053009,0.44943472743034363,-0.892204999923706,0.9969723224639893,-0.03704460710287094,-0.06836572289466858,4.5612030029296875,-5.475183486938477,7.98803186416626,0.6526326457195699,0.5814529789579332,0.6001817137898202,0.5787711831043254,0.6158029731948983,0.5418483757868149,0.6362719600258678,0.9556258462186856,0.615401700392639,0.7554823459628455,0.6376329658624057,0.7217419499718636,0.9266625777105075,0.6202497213979327,0.9553964406031149,0.7343704595494389,0.6965267886353637,0.7110155664375685,0.945595836658289,0.6430048206372899,0.9503572454001792,0.7383758859615422,0.5428798442150733,0.6773499947054412,0.9863861223824069,0.7212518995297325,0.9345462515956009,0.7407938402591485,0.5434879458590929,57181905912,Left hand
-100.56480407714844,174.09329223632812,26.620140075683594,-0.04426100105047226,0.4488600492477417,-0.8925052285194397,0.9970141053199768,-0.036737944930791855,-0.06792008876800537,4.875631809234619,-5.034084796905518,7.5649213790893555,0.6526749503272794,0.5818412142031115,0.6005395535398126,0.5781728999168608,0.6170055743111611,0.5421703443802224,0.639067322467823,0.9595197547594081,0.6158913758811981,0.7584659631472094,0.636662981533263,0.7221479500119463,0.9263078639799307,0.6194912912961531,0.9554276099959469,0.7349229807039246,0.694286785103934,0.7113539611991379,0.9453345322092798,0.6423577300903408,0.9503851258384987,0.7388155243568811,0.5428806494607724,0.6775962172340239,0.986343649378527,0.7205582097889289,0.9344043756470053,0.7414376817949451,0.5435013305692569,57181914548,Left hand
-100.51632690429688,174.0484619140625,26.707469940185547,-0.043913621455430984,0.44850480556488037,-0.8927009701728821,0.9970329403877258,-0.036871351301670074,-0.06757056713104248,5.582150936126709,-5.162264823913574,10.056475639343262,0.6528409216348193,0.5822283106511358,0.600841270001597,0.5776165173040863,0.6183212958418388,0.5424963298292181,0.6419617781444215,0.9639074486323397,0.6165981589831709,0.7625392442228585,0.6359540851721474,0.7222199324970887,0.926171491352328,0.6188202198930378,0.9554916130171012,0.735645059829028,0.6919218894829168,0.7114184971186747,0.9451792292765784,0.6417496626485215,0.9504941406064147,0.7393621967560563,0.5428846948647306,0.6775806811129761,0.9863507300738222,0.7198471238574216,0.9343885459315805,0.7422412967947661,0.5435224411371279,57181923232,Left hand
-100.4493179321289,174.01312255859375,26.769577026367188,-0.04336997866630554,0.4483039081096649,-0.8928284645080566,0.9970277547836304,-0.03753802552819252,-0.06728001683950424,7.7002034187316895,-4.061108112335205,7.137065887451172,0.6526789833477858,0.5825265282376694,0.6012952487962722,0.5769031129520086,0.6199634960844378,0.5427202503252825,0.6448805813726763,0.9682339377281796,0.6179912511264478,0.7669474845842242,0.6351624328875958,0.722807751405963,0.925705888906657,0.6180073187864862,0.9554957109658316,0.736134484813097,0.6909650301406418,0.7118631811624033,0.9448614346883574,0.6410693329808359,0.9504979246500316,0.7397604204514908,0.5428856617455474,0.6776972541841757,0.9863427644413982,0.7190844564726351,0.9342534234830399,0.743030155295793,0.5435737081859244,57181931934,Left hand
-100.34990692138672,173.92605590820312,26.80988883972168,-0.042616087943315506,0.44814538955688477,-0.8929443359375,0.9970394968986511,-0.0381770133972168,-0.0667441114783287,11.453229904174805,-10.031163215637207,4.644292831420898,0.6527591255150018,0.5829165450680224,0.601343854094605,0.5761826306422734,0.621301966106602,0.542977006432687,0.6468516336992026,0.9720293351207898,0.618386074700417,0.7719745905372535,0.6348060663205357,0.723459136199367,0.9249691051701577,0.6167793118601677,0.9556717592587718,0.7368338665957203,0.6898360780929947,0.7124683747485924,0.9441869171481487,0.6398676411926656,0.9507655792418629,0.7403473271763845,0.5428804708664984,0.6781618558841954,0.9860988726016459,0.7176446366979696,0.9344137050546215,0.7439875030905964,0.5435919183922364,57181940614,Left hand
-100.2560806274414,173.8852081298828,26.85866355895996,-0.04178797826170921,0.44826826453208923,-0.8929218053817749,0.9970060586929321,-0.039485152810811996,-0.06648153066635132,10.711543083190918,-4.664393424987793,5.568492412567139,0.6527950422074478,0.5832628250371531,0.6013820985801837,0.5755065933420537,0.6225787965785563,0.5431225441312955,0.648310069824307,0.9750470942988996,0.6189544800059135,0.7764697657013608,0.6344815044645571,0.7238828661897992,0.9244038552804503,0.6158885530638648,0.9558553879236183,0.7373148042257716,0.6893411857338075,0.7128842061433943,0.9435771823423224,0.6388641799520687,0.9510662264445892,0.7407449691949928,0.5428784010273645,0.6784555127250175,0.9857865928532397,0.7162216087197404,0.9347712572424193,0.7446674254160565,0.5436043972102895,57181949373,Left hand
-100.13019561767578,173.79678344726562,26.906620025634766,-0.04112870618700981,0.4482744336128235,-0.8929492831230164,0.9969599843025208,-0.040779631584882736,-0.06639138609170914,14.65675163269043,-10.295302391052246,5.583469390869141,0.6529639664036765,0.583709579775371,0.6012374180566509,0.5748179576427429,0.6236325429124889,0.5432909057119388,0.6493431157588619,0.9776435511032845,0.6190274659535921,0.7808924212651229,0.6344957940974466,0.7242170551063262,0.9237920981121,0.6149107388578345,0.956124117064052,0.7378520231777589,0.6885610726136189,0.713323191600791,0.9429698945070877,0.6379918154505169,0.951382361552324,0.7410390279839292,0.5428708620865136,0.6789028134919765,0.9854983609699199,0.7150406338766565,0.9350470239239198,0.7452513240103347,0.5436008331405366,57181957962,Left hand
-100.0326919555664,173.7288055419922,26.95181655883789,-0.040421951562166214,0.4480249583721161,-0.8931067585945129,0.9969513416290283,-0.04161845147609711,-0.06599974632263184,11.305131912231445,-7.881579875946045,5.240137100219727,0.6532715171816464,0.5841670051103949,0.6011328092877855,0.5743100600535491,0.6244578820455362,0.5434502856738993,0.6505870865151272,0.9800570850321341,0.6193489017994156,0.7849509074115355,0.6346820160140895,0.7239871931210058,0.92370596627997,0.6145701153772989,0.9563299099227505,0.7381994295695659,0.6873273399740365,0.7131609574399785,0.9428957652473625,0.6377646581823129,0.9515979641880796,0.7412787092527278,0.5428743760060086,0.6788658065976267,0.9854218749547162,0.7146416385318303,0.9353076625509466,0.7455434364055749,0.5435913013426377,57181966587,Left hand
-99.91703796386719,173.66552734375,26.984861373901367,-0.039954062551259995,0.4480064809322357,-0.8931370973587036,0.9969456195831299,-0.042156122624874115,-0.0657438188791275,13.297492027282715,-7.27528715133667,3.799487352371216,0.6536332334873322,0.5845951076327995,0.6005302888412848,0.573876291642942,0.624473602690164,0.5435622043023535,0.6516540402028929,0.9820697378454457,0.6197567094354602,0.7885532532881889,0.6349664516807995,0.7242871014632585,0.9233248466063619,0.6139506750003597,0.9564391572252215,0.7385570553569689,0.6869186852345295,0.7135149765856339,0.9424562867935578,0.6371503379983284,0.9517828815573482,0.741450126145296,0.5428609858783473,0.6791446749349169,0.9851434825303717,0.7136249256040658,0.935605986515058,0.7458946223536385,0.5435955909037682,57181975284,Left hand
-99.78846740722656,173.59474182128906,27.03746223449707,-0.03961418569087982,0.44828933477401733,-0.8930103182792664,0.9969216585159302,-0.04278445616364479,-0.0657014325261116,14.870752334594727,-8.187019348144531,6.083967208862305,0.653940204673599,0.5851820234787687,0.6000727819713999,0.5732363957778296,0.6248073394562925,0.5435476570265455,0.6516868517777488,0.9832974094742113,0.619846383589791,0.7916173843366521,0.635387038366525,0.7247983589251079,0.9227670390688987,0.6132267950252072,0.9565541898857062,0.7388344288313897,0.6874591803173017,0.7140943292627147,0.9418909315740097,0.6365615577909439,0.9519336892106495,0.741414433644448,0.5428417180810607,0.6795556229460918,0.9848176809774374,0.7125679126706235,0.9358466346011634,0.7461438296924225,0.5436079092191706,57181983930,Left hand
-99.65413665771484,173.54571533203125,27.08469581604004,-0.03942190110683441,0.44894999265670776,-0.8926868438720703,0.9968799948692322,-0.04346852004528046,-0.06588435173034668,15.35773754119873,-5.604568004608154,5.400038719177246,0.6541736485702142,0.5856725095786702,0.5995364145188422,0.5726694942285792,0.6249289587618909,0.5434536949606155,0.6504985828138353,0.9838371690704922,0.6192344840421502,0.7944361456972978,0.6358966912790255,0.7254389692482227,0.9220721505182715,0.6123915214553448,0.9566954316420765,0.7390987993635023,0.6885884396524108,0.714798695916051,0.9412311369606112,0.6359391357418538,0.9520896891107082,0.741297254323072,0.5428216077205975,0.6800334676943884,0.9844725740512384,0.711609762595099,0.9360636110321909,0.746242329873887,0.5436276309490444,57181992677,Left hand
-99.52940368652344,173.51805114746094,27.140291213989258,-0.03902648389339447,0.450071781873703,-0.892139196395874,0.9968131184577942,-0.04462862014770508,-0.06611994653940201,14.500471115112305,-3.2156870365142822,6.462990760803223,0.6543582771380738,0.5862220285497538,0.5989910274861175,0.5719245736958783,0.6254643961706675,0.5431953601373203,0.6476888322307489,0.9829705254797513,0.6179943292321508,0.7955846674723666,0.6366203699154354,0.7261167850181327,0.9213013308910637,0.6117013982024194,0.9568745382174878,0.739078310752043,0.6907925184843492,0.7154371453404589,0.9405853439101393,0.6354290177128792,0.9522573977904549,0.741031278030805,0.5428081792398097,0.6804306115290797,0.9841478998271792,0.710795421307548,0.9362646889568047,0.7462085372559911,0.5436496814099634,57182001279,Left hand
-99.39319610595703,173.51988220214844,27.22138023376465,-0.038311541080474854,0.45092976093292236,-0.8917368054389954,0.9968065619468689,-0.045324116945266724,-0.06574494391679764,15.677473068237305,0.20941762626171112,9.333511352539062,0.6547807901038799,0.5869922417706758,0.5982223957486675,0.5710781124959785,0.6259363699537946,0.5429689722559828,0.645483295637877,0.9821380804295935,0.6171675926300908,0.7961663388360714,0.6375187121922489,0.7266027121957105,0.9205705549736314,0.6109951144494169,0.9571361628700017,0.739133384111027,0.692701007305625,0.7158399872243772,0.9402187657012576,0.6351649045627029,0.9523465493971702,0.7408835464825717,0.5427995770053151,0.6805900063889913,0.9840440975986081,0.710435636448349,0.9362716503131124,0.7462889327418487,0.543682717419569,57182009967,Left hand
-99.27711486816406,173.54702758789062,27.28850746154785,-0.03780817985534668,0.4519096314907074,-0.8912621736526489,0.9968088269233704,-0.04569390043616295,-0.0654544085264206,13.430699348449707,3.1417996883392334,7.766652584075928,0.6554046246262931,0.5878781347307167,0.5972630322263138,0.570286035574073,0.6260588628030447,0.5427607965324274,0.6428577377838255,0.9808088445259939,0.6159120084610024,0.7961281597327908,0.6385915003916591,0.7273805214817072,0.9195860906619183,0.610088003192745,0.9574117678175941,0.7391625957979546,0.6948354721902948,0.716571813889887,0.9394980441589276,0.6345890811945792,0.9525128245847849,0.7406053714226133,0.5427789839241094,0.6809913987034087,0.983721513789332,0.7095223390783387,0.9364171416899862,0.7463518052828573,0.5437163094177426,57182018610,Left hand
-99.14128875732422,173.54664611816406,27.343109130859375,-0.03728571906685829,0.4531433880329132,-0.8906575441360474,0.9967805743217468,-0.046442508697509766,-0.06535710394382477,15.02304458618164,-0.04164966940879822,6.039297103881836,0.6559426622753305,0.5887112468554028,0.5965104283879858,0.5695293914577485,0.6264387756565485,0.5426046351955573,0.6400467344611432,0.9789290956073851,0.6142343993041965,0.7951753363906503,0.6395983344009729,0.7280668853876996,0.9188346207941269,0.6092715592356166,0.9575603290877839,0.7393655742474319,0.6965457537920711,0.7172480859262674,0.9389233438055069,0.6340865621274775,0.9525950902082231,0.7404657767248659,0.5427587365946703,0.6813821096396695,0.9834985911738086,0.7087642831345266,0.9364222888163309,0.746550185611721,0.5437487765954073,57182027651,Left hand
-99.00080871582031,173.5509033203125,27.38783073425293,-0.0368129126727581,0.4544624388217926,-0.8900048732757568,0.9967441558837891,-0.04723271355032921,-0.06534632295370102,16.85260581970215,0.5094886422157288,5.364742755889893,0.6564394647403133,0.5895610202621182,0.595725501312557,0.5687438601480479,0.6268067612624635,0.5423692689875527,0.636206998230002,0.9759683975326556,0.6121060063723153,0.7933777358393508,0.6406709917828931,0.7292238972410983,0.9174960430296962,0.6079120707317628,0.9578685846536977,0.7396290919454414,0.6993667356567566,0.7183615984005748,0.9377005259652729,0.6327989823782565,0.9529364155738055,0.7404027141067908,0.5427275605762326,0.6820898933284951,0.9828895560869774,0.7069883854867393,0.9367978731405217,0.74683419394011,0.5437866170718582,57182035987,Left hand
-98.87822723388672,173.5695037841797,27.413162231445312,-0.03658267855644226,0.45564135909080505,-0.8894113898277283,0.9967459440231323,-0.04733312129974365,-0.06524603068828583,13.636688232421875,2.069459915161133,2.8181514739990234,0.6572805432654316,0.5907069682246604,0.5948543891263206,0.567929276298335,0.6270762551828545,0.5422279130740978,0.6332589108249804,0.9731338843714259,0.6102764411074345,0.7911414803891478,0.6418873212258976,0.7304690883970792,0.9159740337055442,0.6064305336111955,0.9582528871387245,0.7398663263762668,0.7016446606643363,0.7194422696675459,0.9364525807921172,0.6315345668768861,0.9533343383861798,0.7403309818791023,0.5427069803075084,0.6827791935841151,0.982292432876968,0.7054228296864061,0.9372043643390182,0.7469899819697483,0.5438286747125292,57182044976,Left hand
-98.74540710449219,173.5663604736328,27.41085433959961,-0.03622173145413399,0.4565642774105072,-0.8889527916908264,0.9967324733734131,-0.04775862395763397,-0.06514210999011993,15.952573776245117,-0.378161758184433,-0.2771575152873993,0.6580156037106402,0.591559835751476,0.5940461088659178,0.5673669852542146,0.6272114405656071,0.542026120313106,0.6303245220270187,0.9694628167070176,0.6088436181043229,0.7875918491757172,0.6431263732993656,0.7313553567952154,0.9148503170496752,0.6054213480875305,0.958552218835097,0.7399408486394493,0.7041441003994071,0.7202672572472707,0.9353884165649162,0.6305020706644671,0.9537101142724036,0.7401978176332596,0.5426856846935693,0.6832709278018486,0.9817434477468614,0.7040817442699923,0.937660850625276,0.7470280099473382,0.5438694094436907,57182053302,Left hand
-98.63025665283203,173.58261108398438,27.40928077697754,-0.03562597930431366,0.456747829914093,-0.888882577419281,0.9967684149742126,-0.04783804342150688,-0.06453132629394531,13.235404968261719,1.8689736127853394,-0.1808551549911499,0.6589042538295828,0.5924667590353045,0.5930982944244277,0.5668623391850326,0.6271024013257979,0.5418749176186114,0.6283727569531189,0.9665191673771666,0.6080363846608925,0.7845467130942897,0.6443241492722046,0.7322690966168377,0.9139163194762303,0.6046961376222539,0.9586924858947049,0.739852291200645,0.706377106789931,0.721017305295518,0.9346386362984099,0.629894317225653,0.953850711133765,0.7399367687109923,0.5426680644744978,0.6836072597671162,0.981415959363174,0.7033990852012826,0.9378461296172294,0.7468838584570258,0.5439330656445136,57182062002,Left hand
-98.51400756835938,173.60081481933594,27.391639709472656,-0.03512316942214966,0.4566487669944763,-0.888953447341919,0.9968046545982361,-0.04784633591771126,-0.06396275013685226,13.414469718933105,2.1003706455230713,-2.0356359481811523,0.6595550723090915,0.5931056329236883,0.5920960381246594,0.5664785797229595,0.6266825339285924,0.5417838834525126,0.626587920597041,0.9636870595103423,0.6070302950577071,0.7817240466577146,0.6450756760941057,0.7335185443517903,0.9128079026907633,0.6037718840825641,0.9587570865457329,0.7398559098807845,0.7084876474392411,0.7219569868588157,0.9338097164194732,0.6290521170202478,0.9539203938233881,0.7398690446146549,0.5426536291630668,0.6840226765463949,0.9811083145367424,0.7025130754364353,0.9378918707621873,0.747002710912573,0.5440122264390876,57182070668,Left hand
